schema_name	digest	count	sum_time_sec	max_time_sec	sum_lock_sec	avg_lock_sec	rows_examined	rows_sent	rows_affected	no_index_used	no_good_index_used	tmp_disk_tables	tmp_tables	sort_merge_passes	errors	digest_text
isucon	be90a4462d319c20aeaa47b0133de95bfd13f92cf41028bdf2a63f8024428ced	46	10.842618	0.3901	0	0	0	0	726153	0	0	0	0	0	0	INSERT INTO `user_cards` VALUES (...) /* , ... */
isucon	23b109b41495e2a6fa03228589b6e4c5b05a1858946f7137f2b9245360089885	1	5.279037	5.279037	0.000002	0.000002	3680090	888057	0	0	0	0	0	0	0	SELECT * FROM `user_presents` WHERE `id` <= ? AND `user_id` > ? AND ( ( `user_id` - ? ) % ? = ? OR ( ( `user_id` - ? ) % ? = ? AND ( ( `user_id` - ? ) DIV ? ) % ? = ? ) )
isucon	12cef554e6a0f22df0ac73434326b0ed323e7ed7c3fdead115bb4d4c5d2df6ec	16	2.997394	0.352738	0	0	0	0	241638	0	0	0	0	0	0	INSERT INTO `user_present_all_received_history` VALUES (...) /* , ... */
isucon	aed61f7748b360f1e40964333c1d531f7ba837f227d8ecde01658c39084fbbe2	1	2.507001	2.507001	0.000002	0.000002	0	0	201303	0	0	0	0	0	0	LOAD DATA INFILE ? REPLACE INTO TABLE `user_presents` FIELDS ESCAPED BY ? IGNORE ? LINES
isucon	22f20a4de577cf05f1b1a2479ce4100d806e3e6629915bec584cbff611813ebc	8	1.732293	0.387594	0	0	0	0	133932	0	0	0	0	0	0	INSERT INTO `user_items` VALUES (...) /* , ... */
	205fc324fd03a8618ba02a8d427b6dd39274da40a88354237f1802dba78d2f37	4829	1.624856	0.005278	0.009225	0.00000191	0	0	0	4829	0	0	0	0	0	SELECT `CONCAT_WS` ( ? , `w` . `REQUESTING_ENGINE_TRANSACTION_ID` , `w` . `REQUESTING_EVENT_ID` , `w` . `REQUESTING_ENGINE_LOCK_ID` , `w` . `BLOCKING_ENGINE_TRANSACTION_ID` , `w` . `BLOCKING_EVENT_ID` , `w` . `BLOCKING_ENGINE_LOCK_ID` ) AS `wait_key` , `w` . `REQUESTING_ENGINE_TRANSACTION_ID` , `w` . `BLOCKING_ENGINE_TRANSACTION_ID` , `rl` . `OBJECT_SCHEMA` , `rl` . `OBJECT_NAME` , `rl` . `INDEX_NAME` , `rl` . `LOCK_TYPE` , `rl` . `LOCK_MODE` , `rl` . `LOCK_DATA` , `bl` . `LOCK_TYPE` , `bl` . `LOCK_MODE` , `bl` . `LOCK_DATA` , `w` . `REQUESTING_THREAD_ID` , `rt` . `PROCESSLIST_ID` , `rs` . `SQL_TEXT` , `w` . `BLOCKING_THREAD_ID` , `bt` . `PROCESSLIST_ID` , `bs` . `SQL_TEXT` FROM `performance_schema` . `data_lock_waits` AS `w` JOIN `performance_schema` . `data_locks` AS `rl` ON `rl` . `ENGINE_LOCK_ID` = `w` . `REQUESTING_ENGINE_LOCK_ID` JOIN `performance_schema` . `data_locks` AS `bl` ON `bl` . `ENGINE_LOCK_ID` = `w` . `BLOCKING_ENGINE_LOCK_ID` LEFT JOIN
isucon	e3f0f35a9962c677d8648c7d57cf4bdebfc91070fd4b183c80eb1118e7d1b265	1	0.706999	0.706999	0.000003	0.000003	726153	175150	0	0	0	0	0	0	0	SELECT * FROM `user_cards` WHERE ( ( `user_id` - ? ) % ? = ? OR ( ( `user_id` - ? ) % ? = ? AND ( ( `user_id` - ? ) DIV ? ) % ? = ? ) ) ORDER BY `id`
isucon	2cf91dfc40dea815897c47d31c13c9e090db86af8c29271fd79139e419d96759	2	0.550651	0.410819	0	0	0	0	30996	0	0	0	0	0	0	INSERT INTO `user_login_bonuses` VALUES (...) /* , ... */
isucon	4cf0955e5e8d2439dc8cd1349f2d24c131af32e99887e9d001e883e87aa4cce6	2	0.503937	0.404162	0	0	0	0	20372	0	0	0	0	0	0	INSERT INTO `user_devices` VALUES (...) /* , ... */
isucon	4d69bb28b39560678da48c84af4f2d694058fd89a5483deceb2af42d2e2891f1	1	0.273351	0.273351	0	0	0	0	10332	0	0	0	0	0	0	INSERT INTO `user_decks` VALUES (...) /* , ... */
isucon	d031654d5898e8b25a4ca56c70ed975e999461699dc1ab761878bbb0c771d804	2	0.249422	0.233826	0	0	0	0	13665	0	0	0	0	0	0	INSERT INTO `users` VALUES (...) /* , ... */
	b0a2105f85f781a2af3593f66431f1528f14f14566499839ea27e23911fb9a5a	267	0.228364	0.007371	0.000285	0.000001067	6942	6942	0	267	0	0	267	0	0	SHOW GLOBAL STATUS WHERE `Variable_name` IN (...)
isucon	6cb7350750ef4cd67e8607ef37871e722293bfe00e81d771ee834f8ae2de6c38	1	0.227009	0.227009	0.000003	0.000003	241638	59624	0	0	0	0	0	0	0	SELECT * FROM `user_present_all_received_history` WHERE ( ( `user_id` - ? ) % ? = ? OR ( ( `user_id` - ? ) % ? = ? AND ( ( `user_id` - ? ) DIV ? ) % ? = ? ) ) ORDER BY `id`
isucon	5cb3261cde791599371aa6a99311a9f5ab2ba1ee514640781c87338497372a67	1	0.212859	0.212859	0.000018	0.000018	0	0	0	0	0	0	0	0	0	DROP TABLE IF EXISTS `user_cards`
isucon	66970613d06c71e1d9d96d7dc472011f71a6ac0e0e5c71a79c175df31ec6441c	1	0.130375	0.130375	0.000002	0.000002	133932	32755	0	0	0	0	0	0	0	SELECT * FROM `user_items` WHERE ( ( `user_id` - ? ) % ? = ? OR ( ( `user_id` - ? ) % ? = ? AND ( ( `user_id` - ? ) DIV ? ) % ? = ? ) ) ORDER BY `id`
isucon	3e87156ce8bb40379c5b347ea6b8a426e5b30742404a245a172468667d051f25	1	0.080171	0.080171	0	0	0	0	3333	0	0	0	0	0	0	INSERT INTO `user_bans` VALUES (...) /* , ... */
isucon	d727548da51f0df040d17677c23ee2e9cbd949e5b11360486d2b6bd5678d971f	1	0.037587	0.037587	0.000009	0.000009	0	0	0	0	0	0	0	0	0	CREATE TABLE `user_devices` ( `id` INT8 NOT NULL , `user_id` INT8 NOT NULL COMMENT ? , `platform_id` VARCHARACTER (?) NOT NULL COMMENT ? , `platform_type` INTEGER (?) NOT NULL COMMENT ? , `created_at` INT8 NOT NULL , `updated_at` INT8 NOT NULL , `deleted_at` INT8 DEFAULT ? , PRIMARY KEY ( `id` ) , UNIQUE `uniq_user_id` ( `user_id` , `platform_type` , `deleted_at` ) , UNIQUE `uniq_platform_id` ( `platform_id` , `platform_type` , `deleted_at` ) ) ENGINE = `InnoDB` DEFAULT CHARSET = `utf8mb4` COLLATE = `utf8mb4_bin`
isucon	5343315c7dc3ee3db9b698fc2a04718f4f56e5491ee046de01a8af34114e3ca3	1	0.034918	0.034918	0.000009	0.000009	0	0	0	0	0	0	0	0	0	CREATE TABLE `user_sessions` ( `id` INT8 NOT NULL , `user_id` INT8 NOT NULL , `session_id` VARCHARACTER (?) NOT NULL , `created_at` INT8 NOT NULL , `updated_at` INT8 NOT NULL , `expired_at` INT8 NOT NULL , `deleted_at` INT8 DEFAULT ? , PRIMARY KEY ( `id` ) , UNIQUE `uniq_session_id` ( `user_id` , `session_id` , `deleted_at` ) , KEY `idx_session_id` ( `session_id` ) ) ENGINE = `InnoDB` DEFAULT CHARSET = `utf8mb4` COLLATE = `utf8mb4_bin`
isucon	f92dedc3ef84487d4b458a4c41dbee906517de6e7249ab2db248a8a599aee9c9	1	0.033202	0.033202	0.000006	0.000006	0	0	0	0	0	0	0	0	0	CREATE TABLE `admin_sessions` ( `id` INT8 NOT NULL , `user_id` INT8 NOT NULL , `session_id` VARCHARACTER (?) NOT NULL , `created_at` INT8 NOT NULL , `updated_at` INT8 NOT NULL , `expired_at` INT8 NOT NULL , `deleted_at` INT8 DEFAULT ? , PRIMARY KEY ( `id` ) , UNIQUE `uniq_admin_session_id` ( `user_id` , `session_id` , `deleted_at` ) ) ENGINE = `InnoDB` DEFAULT CHARSET = `utf8mb4` COLLATE = `utf8mb4_bin`
isucon	c6d96d1ee31af620bb5f6274cc356e4842ba5561e7cf6f32b99d748fbcbdb62e	1	0.032996	0.032996	0.00001	0.00001	0	0	0	0	0	0	0	0	0	CREATE TABLE `user_items` ( `id` INT8 NOT NULL , `user_id` INT8 NOT NULL COMMENT ? , `item_type` INTEGER (?) NOT NULL COMMENT ? , `item_id` INTEGER NOT NULL COMMENT ? , `amount` INTEGER NOT NULL COMMENT ? , `created_at` INT8 NOT NULL , `updated_at` INT8 NOT NULL , `deleted_at` INT8 DEFAULT ? , PRIMARY KEY ( `id` ) , INDEX `userid_itemid_idx` ( `user_id` , `item_id` ) ) ENGINE = `InnoDB` DEFAULT CHARSET = `utf8mb4` COLLATE = `utf8mb4_bin`
isucon	4fc56af6c440ea9c0595f02204992eea775d07cba5a560a4f2312e380f655a19	1	0.032962	0.032962	0	0	0	0	1012	0	0	0	0	0	0	INSERT INTO `gacha_item_masters` VALUES (...) /* , ... */
isucon	4ae53199ac3172413dae71ed1ab3e82a821248a175f07dbfec00eaaff34f0c51	1	0.032769	0.032769	0.000013	0.000013	0	0	0	0	0	0	0	0	0	CREATE TABLE `users` ( `id` INT8 NOT NULL , `isu_coin` INT8 NOT NULL DEFAULT ? COMMENT ? , `last_getreward_at` INT8 NOT NULL COMMENT ? , `last_activated_at` INT8 NOT NULL COMMENT ? , `registered_at` INT8 NOT NULL COMMENT ? , `created_at` INT8 NOT NULL , `updated_at` INT8 NOT NULL , `deleted_at` INT8 DEFAULT ? , PRIMARY KEY ( `id` ) ) ENGINE = `InnoDB` DEFAULT CHARSET = `utf8mb4` COLLATE = `utf8mb4_bin`
isucon	3d57765dc8b2d9a15c2984b9b2654b1f8816834a55483d5754d93d5196017ca1	1	0.032159	0.032159	0.00001	0.00001	0	0	0	0	0	0	0	0	0	CREATE TABLE `user_one_time_tokens` ( `id` INT8 NOT NULL , `user_id` INT8 NOT NULL , `token` VARCHARACTER (?) NOT NULL , `token_type` INTEGER (?) NOT NULL COMMENT ? , `created_at` INT8 NOT NULL , `updated_at` INT8 NOT NULL , `expired_at` INT8 NOT NULL , `deleted_at` INT8 DEFAULT ? , PRIMARY KEY ( `id` ) , UNIQUE `uniq_token` ( `user_id` , `token` , `deleted_at` ) , KEY `idx_token` ( `token` ) ) ENGINE = `InnoDB` DEFAULT CHARSET = `utf8mb4` COLLATE = `utf8mb4_bin`
isucon	ce2fd898811748e74a77cbc78e88ff2939ce3dd316fb5c19081b9e4e89a213df	1	0.032001	0.032001	0.000004	0.000004	30996	7614	0	0	0	0	0	0	0	SELECT * FROM `user_login_bonuses` WHERE ( ( `user_id` - ? ) % ? = ? OR ( ( `user_id` - ? ) % ? = ? AND ( ( `user_id` - ? ) DIV ? ) % ? = ? ) ) ORDER BY `id`
isucon	95ccf5200272b5d6f43c5aa697784e871d8741878e00116fe40bf7854972b2ea	1	0.031537	0.031537	0.000009	0.000009	0	0	0	0	0	0	0	0	0	CREATE TABLE `user_login_bonuses` ( `id` INT8 NOT NULL , `user_id` INT8 NOT NULL COMMENT ? , `login_bonus_id` INTEGER NOT NULL COMMENT ? , `last_reward_sequence` INTEGER NOT NULL COMMENT ? , `loop_count` INTEGER NOT NULL COMMENT ? , `created_at` INT8 NOT NULL , `updated_at` INT8 NOT NULL , `deleted_at` INT8 DEFAULT ? , PRIMARY KEY ( `id` ) , UNIQUE `uniq_user_id` ( `user_id` , `login_bonus_id` , `deleted_at` ) ) ENGINE = `InnoDB` DEFAULT CHARSET = `utf8mb4` COLLATE = `utf8mb4_bin`
isucon	96a53e82691aaee327a2b1f1bebc22d073e8bab9dba055a49f1a42745e1d567a	1	0.028883	0.028883	0.000009	0.000009	0	0	0	0	0	0	0	0	0	CREATE TABLE `login_bonus_reward_masters` ( `id` INT8 NOT NULL , `login_bonus_id` INT8 NOT NULL COMMENT ? , `reward_sequence` INTEGER (?) NOT NULL COMMENT ? , `item_type` INTEGER (?) NOT NULL COMMENT ? , `item_id` INTEGER NOT NULL COMMENT ? , `amount` INT8 NOT NULL COMMENT ? , `created_at` INT8 NOT NULL , PRIMARY KEY ( `id` ) ) ENGINE = `InnoDB` DEFAULT CHARSET = `utf8mb4` COLLATE = `utf8mb4_bin`
isucon	be6e41dc89719209df38fa40da4764ff8f742326ba0beb9d218895206147bb47	1	0.028516	0.028516	0.000011	0.000011	0	0	0	0	0	0	0	0	0	DROP TABLE IF EXISTS `admin_sessions`
isucon	5d896ced02ee2d6e544318f3a4a095585ab6d336aae5e467661cf962221489ec	1	0.028321	0.028321	0.000008	0.000008	0	0	0	0	0	0	0	0	0	CREATE TABLE `gacha_item_masters` ( `id` INT8 NOT NULL , `gacha_id` INT8 NOT NULL COMMENT ? , `item_type` INTEGER (?) NOT NULL COMMENT ? , `item_id` INTEGER NOT NULL COMMENT ? , `amount` INTEGER NOT NULL COMMENT ? , `weight` INTEGER NOT NULL COMMENT ? , `created_at` INT8 NOT NULL , PRIMARY KEY ( `id` ) , UNIQUE `uniq_item_id` ( `gacha_id` , `item_type` , `item_id` ) ) ENGINE = `InnoDB` DEFAULT CHARSET = `utf8mb4` COLLATE = `utf8mb4_bin`
isucon	f2ca383aa90e80f1379d776645109956f5f5b1163e9e158c7c7cc3495b05e25e	1	0.028072	0.028072	0.00001	0.00001	0	0	0	0	0	0	0	0	0	CREATE TABLE `version_masters` ( `id` INT8 NOT NULL , `status` INTEGER (?) NOT NULL COMMENT ? , `master_version` VARCHARACTER (?) NOT NULL COMMENT ? , PRIMARY KEY ( `id` ) ) ENGINE = `InnoDB` DEFAULT CHARSET = `utf8mb4` COLLATE = `utf8mb4_bin`
isucon	e97ef4d5aba92e59639341a085b38d039611edee91945e7a1eb29aff324acab7	1	0.027159	0.027159	0.000008	0.000008	0	0	0	0	0	0	0	0	0	CREATE TABLE `user_cards` ( `id` INT8 NOT NULL , `user_id` INT8 NOT NULL COMMENT ? , `card_id` INTEGER NOT NULL COMMENT ? , `amount_per_sec` INTEGER NOT NULL COMMENT ? , `level` INTEGER NOT NULL COMMENT ? , `total_exp` INT8 NOT NULL COMMENT ? , `created_at` INT8 NOT NULL , `updated_at` INT8 NOT NULL , `deleted_at` INT8 DEFAULT ? , PRIMARY KEY ( `id` ) , UNIQUE `uniq_card_id` ( `user_id` , `card_id` , `deleted_at` ) ) ENGINE = `InnoDB` DEFAULT CHARSET = `utf8mb4` COLLATE = `utf8mb4_bin`
isucon	bc463eebbb6f22d90640c08e32b8d985ddf92dca73a9fb6de2a229ac298affff	1	0.026567	0.026567	0.000009	0.000009	0	0	0	0	0	0	0	0	0	CREATE TABLE `present_all_masters` ( `id` INT8 NOT NULL , `registered_start_at` INT8 NOT NULL COMMENT ? , `registered_end_at` INT8 NOT NULL COMMENT ? , `item_type` INTEGER (?) NOT NULL COMMENT ? , `item_id` INTEGER NOT NULL COMMENT ? , `amount` INTEGER NOT NULL COMMENT ? , `present_message` VARCHARACTER (?) COMMENT ? , `created_at` INT8 NOT NULL , PRIMARY KEY ( `id` ) ) ENGINE = `InnoDB` DEFAULT CHARSET = `utf8mb4` COLLATE = `utf8mb4_bin`
isucon	acc217cf7a262401b4a6fef94f796163992b4e9b8ff7655580e1867d210f51fd	1	0.026539	0.026539	0.000009	0.000009	0	0	0	0	0	0	0	0	0	CREATE TABLE `user_decks` ( `id` INT8 NOT NULL , `user_id` INT8 NOT NULL COMMENT ? , `user_card_id_1` INT8 NOT NULL COMMENT ? , `user_card_id_2` INT8 NOT NULL COMMENT ? , `user_card_id_3` INT8 NOT NULL COMMENT ? , `created_at` INT8 NOT NULL , `updated_at` INT8 NOT NULL , `deleted_at` INT8 DEFAULT ? , PRIMARY KEY ( `id` ) , UNIQUE `uniq_user_id` ( `user_id` , `deleted_at` ) ) ENGINE = `InnoDB` DEFAULT CHARSET = `utf8mb4` COLLATE = `utf8mb4_bin`
isucon	669a7f04045aa01d40cd7066632fa625b3c44c47c3052e19bed7af8d64fe37ad	1	0.025887	0.025887	0.000009	0.000009	0	0	0	0	0	0	0	0	0	CREATE TABLE `user_present_all_received_history` ( `id` INT8 NOT NULL , `user_id` INT8 NOT NULL COMMENT ? , `present_all_id` INT8 NOT NULL COMMENT ? , `received_at` INT8 NOT NULL COMMENT ? , `created_at` INT8 NOT NULL , `updated_at` INT8 NOT NULL , `deleted_at` INT8 DEFAULT ? , PRIMARY KEY ( `id` ) , KEY `idx_user_id_present_all_id` ( `user_id` , `present_all_id` ) ) ENGINE = `InnoDB` DEFAULT CHARSET = `utf8mb4` COLLATE = `utf8mb4_bin`
	ae3aa02cfa24a4b704809bf4841f97129efa03e855c541435f6f50901a881f60	267	0.025658	0.000407	0	0	267	267	0	0	0	0	0	0	0	SELECT @@GLOBAL . `max_connections`
isucon	42b98e131148dc0e5757f9787c8968a946baaa9c1422b81423ea3bf4b36ba853	1	0.025123	0.025123	0.000006	0.000006	0	0	0	0	0	0	0	0	0	CREATE TABLE `user_bans` ( `id` INT8 NOT NULL , `user_id` INT8 NOT NULL COMMENT ? , `created_at` INT8 NOT NULL , `updated_at` INT8 NOT NULL , `deleted_at` INT8 DEFAULT ? , PRIMARY KEY ( `id` ) , UNIQUE `uniq_user_id` ( `user_id` ) ) ENGINE = `InnoDB` DEFAULT CHARSET = `utf8mb4` COLLATE = `utf8mb4_bin`
isucon	538e00958614260002cde6f6774318413c5af61dfc82144b147e2c0b67fc4a1c	1	0.025113	0.025113	0.000007	0.000007	0	0	0	0	0	0	0	0	0	DROP TABLE IF EXISTS `user_present_all_received_history`
isucon	644dd572d643161964c742a69bae41f42b6c26f7e20dcf4ac52e2179fc1a3f37	1	0.024595	0.024595	0.00001	0.00001	0	0	0	0	0	0	0	0	0	CREATE TABLE `admin_users` ( `id` INT8 NOT NULL , `password` VARCHARACTER (?) NOT NULL , `last_activated_at` INT8 NOT NULL COMMENT ? , `created_at` INT8 NOT NULL , `updated_at` INT8 NOT NULL , `deleted_at` INT8 DEFAULT ? , PRIMARY KEY ( `id` ) ) ENGINE = `InnoDB` DEFAULT CHARSET = `utf8mb4` COLLATE = `utf8mb4_bin`
isucon	8ec34679c4ad56abf470e764848f0ff427df61948c3e712b2504c5bc5b46d304	1	0.023806	0.023806	0.000009	0.000009	0	0	0	0	0	0	0	0	0	CREATE TABLE `gacha_masters` ( `id` INT8 NOT NULL , `name` VARCHARACTER (?) COMMENT ? , `start_at` INT8 NOT NULL COMMENT ? , `end_at` INT8 NOT NULL COMMENT ? , `display_order` INTEGER (?) COMMENT ? , `created_at` INT8 NOT NULL , PRIMARY KEY ( `id` ) ) ENGINE = `InnoDB` DEFAULT CHARSET = `utf8mb4` COLLATE = `utf8mb4_bin`
isucon	8841e28feb5eb08b036ca23ac114ffb02c83c55d71e94508d82a418c2757b090	1	0.023663	0.023663	0.000012	0.000012	0	0	0	0	0	0	0	0	0	CREATE TABLE `item_masters` ( `id` INT8 NOT NULL , `item_type` INTEGER (?) NOT NULL COMMENT ? , `name` VARCHARACTER (?) NOT NULL COMMENT ? , `description` VARCHARACTER (?) COMMENT ? , `amount_per_sec` INTEGER COMMENT ? , `max_level` INTEGER COMMENT ? , `max_amount_per_sec` INTEGER COMMENT ? , `base_exp_per_level` INTEGER COMMENT ? , `gained_exp` INTEGER COMMENT ? , `shortening_min` INT8 COMMENT ? , PRIMARY KEY ( `id` ) ) ENGINE = `InnoDB` DEFAULT CHARSET = `utf8mb4` COLLATE = `utf8mb4_bin`
isucon	a008eeb3d22ba86c169ba64155a4705b5e6dac9133de218e6f1eada9e904a3db	1	0.023491	0.023491	0.000008	0.000008	0	0	0	0	0	0	0	0	0	CREATE TABLE `master_revision` ( `id` INT8 NOT NULL , `revision` INT8 NOT NULL , PRIMARY KEY ( `id` ) ) ENGINE = `InnoDB` DEFAULT CHARSET = `utf8mb4` COLLATE = `utf8mb4_bin`
isucon	1e822fe659916341e43a4619351440e5a76a37afb2da4a2296ef743b4d9865f0	1	0.023271	0.023271	0.000006	0.000006	0	0	0	0	0	0	0	0	0	DROP TABLE IF EXISTS `login_bonus_masters`
isucon	2113639deda0ac9fbd05537e47b3cd7182fc77b92a24a85ce680ab4e306b909a	1	0.022928	0.022928	0.000008	0.000008	0	0	0	0	0	0	0	0	0	DROP TABLE IF EXISTS `user_items`
isucon	330b6962be43c3d2f24dde077c3ae55b48639c2d0d2bbaed428f6581612182a5	1	0.021619	0.021619	0.000007	0.000007	0	0	0	0	0	0	0	0	0	CREATE TABLE `login_bonus_masters` ( `id` INT8 NOT NULL , `start_at` INT8 NOT NULL COMMENT ? , `end_at` INT8 COMMENT ? , `column_count` INTEGER (?) NOT NULL COMMENT ? , `looped` BOOLEAN NOT NULL COMMENT ? , `created_at` INT8 NOT NULL , PRIMARY KEY ( `id` ) ) ENGINE = `InnoDB` DEFAULT CHARSET = `utf8mb4` COLLATE = `utf8mb4_bin`
isucon	3a7736a8a5a9975450932099331c09d946cb20cf9792e1262208e887ff893c34	1	0.020655	0.020655	0.000005	0.000005	0	0	0	0	0	0	0	0	0	DROP TABLE IF EXISTS `users`
isucon	6f44c6dfc4d57537d5f9237bc720df779747ff6116fe31b8dbdc9b397a45bf3d	1	0.018374	0.018374	0.000002	0.000002	20372	5090	0	0	0	0	0	0	0	SELECT * FROM `user_devices` WHERE ( ( `user_id` - ? ) % ? = ? OR ( ( `user_id` - ? ) % ? = ? AND ( ( `user_id` - ? ) DIV ? ) % ? = ? ) ) ORDER BY `id`
isucon	2cef4d85a67ee3d358d8d8898d4096594b6bad62854a709e8fe994db339b237e	1	0.016329	0.016329	0.000007	0.000007	0	0	0	0	0	0	0	0	0	DROP TABLE IF EXISTS `user_login_bonuses`
isucon	6ba7a75eba20a09dc034a42e3bf80165382a6ec7e844054dcde91b8e13c21518	1	0.015966	0.015966	0.000005	0.000005	0	0	0	0	0	0	0	0	0	DROP TABLE IF EXISTS `master_revision`
isucon	d7bfdcf08bc5322938d17520d3499f5d9364d749a5868620c6a1ecd3abd22d4c	1	0.015635	0.015635	0.000008	0.000008	0	0	0	0	0	0	0	0	0	DROP TABLE IF EXISTS `user_decks`
isucon	83a52a97139bffbfc8e32c2684f73db4835f1409d08d9bcfea02f17b31f02e35	1	0.01537	0.01537	0.000005	0.000005	0	0	0	0	0	0	0	0	0	DROP TABLE IF EXISTS `user_bans`
isucon	845016574294c331ab2636557557b5ed9e9ef08ca7263ffc46ec4aad96efec09	1	0.014842	0.014842	0.000009	0.000009	0	0	0	0	0	0	0	0	0	DROP TABLE IF EXISTS `user_one_time_tokens`
isucon	dec5c5ea3cc72276799c0da564abf925174a76f2ebdcc2465ef1af5639a6c116	1	0.013881	0.013881	0.000003	0.000003	13665	3424	0	0	0	0	0	0	0	SELECT * FROM `users` WHERE ( ( `id` - ? ) % ? = ? OR ( ( `id` - ? ) % ? = ? AND ( ( `id` - ? ) DIV ? ) % ? = ? ) ) ORDER BY `id`
isucon	1c82ab8ea812a3fbf1615fdbc0619b7456403c99a116a49f51a2129a6d9179ba	1	0.013488	0.013488	0.000007	0.000007	0	0	0	0	0	0	0	0	0	DROP TABLE IF EXISTS `user_devices`
isucon	bf27422cae440fddba25eb9d59b32771ec42b8517551aad3215b1d894fb4dc0a	1	0.012837	0.012837	0.00001	0.00001	0	0	0	0	0	0	0	0	0	DROP TABLE IF EXISTS `item_masters`
isucon	75aad1d6accae2c780aeb9c97fb2683e37de37559c9a7ae3be5b1564035f3708	1	0.012481	0.012481	0.000007	0.000007	0	0	0	0	0	0	0	0	0	DROP TABLE IF EXISTS `gacha_item_masters`
isucon	d45f9734e9ea2115ab8e1805afff1dca86e749f43088221a38df9eae88e682a0	1	0.011262	0.011262	0.000006	0.000006	0	0	0	0	0	0	0	0	0	DROP TABLE IF EXISTS `gacha_masters`
isucon	fe229756c53b6e407bc08c4d7069485b947c53a17136a02d8cd99ddf85a96d52	1	0.0112	0.0112	0.000007	0.000007	0	0	0	0	0	0	0	0	0	DROP TABLE IF EXISTS `admin_users`
isucon	4b611509abd0634610208f2248a4c8ae3320fc5338d5f44d0f68a0d699a357ec	1	0.011136	0.011136	0.000007	0.000007	0	0	0	0	0	0	0	0	0	DROP TABLE IF EXISTS `version_masters`
isucon	9d0776f6908e39bd1ee0d5382468b22fdf6ec77d66039c29eb2d17cb6b975f64	1	0.01113	0.01113	0.000002	0.000002	0	0	0	0	0	0	0	0	0	DROP TABLE IF EXISTS `login_bonus_reward_masters`
isucon	547e6cc038d73853da51c1488a99e63bcc9a682f62d6336791b4b652707ddaec	1	0.011014	0.011014	0.000006	0.000006	0	0	0	0	0	0	0	0	0	DROP TABLE IF EXISTS `present_all_masters`
isucon	56ab757e8a2c40d50af758a39ce9e79ad023633357af574d41d320250a05c300	1	0.010818	0.010818	0.000002	0.000002	10332	2538	0	0	0	0	0	0	0	SELECT * FROM `user_decks` WHERE ( ( `user_id` - ? ) % ? = ? OR ( ( `user_id` - ? ) % ? = ? AND ( ( `user_id` - ? ) DIV ? ) % ? = ? ) ) ORDER BY `id`
isucon	f9e5be126ce76cf463437e60412002c2f87f8679b28a80771699227e8682416a	1	0.010777	0.010777	0.000003	0.000003	0	0	0	0	0	0	0	0	0	DROP TABLE IF EXISTS `user_sessions`
	5e18b503343466373cc0ce1922b04a77902f0cce5386ce599cb95b682d29415e	1	0.01034	0.01034	0.000011	0.000011	0	0	0	0	0	0	0	0	0	TRUNCATE TABLE `performance_schema` . `events_statements_summary_by_digest`
	e712d098de33beb827d38f696a5e2505df06432c6f67876487807611e3f3b625	3	0.001629	0.001471	0	0	0	0	0	0	0	0	0	0	0	SET SESSION `long_query_time` = ?
	230e50b71157a47e34c64f86d958d304e42cc8bad0d5a345f7f60672da38222c	1	0.001549	0.001549	0.000001	0.000001	1	1	0	1	0	0	1	0	0	SHOW VARIABLES LIKE ?
	44e35cee979ba420eb49a8471f852bbe15b403c89742704817dfbaace0d99dbb	3	0.001538	0.001351	0	0	3	3	0	0	0	0	0	0	0	SELECT @@`version_comment` LIMIT ?
isucon	d7b4666cc35e13cd01703ab6a38db7b4d04fd718410bc282e479a820b751ebe3	1	0.001382	0.001382	0.000003	0.000003	3333	886	0	0	0	0	0	0	0	SELECT `user_id` FROM `user_bans` WHERE ( ( `user_id` - ? ) % ? = ? OR ( ( `user_id` - ? ) % ? = ? AND ( ( `user_id` - ? ) DIV ? ) % ? = ? ) )
isucon	25635682cd8d1c3c2c135b30f7f620c5df3bce527472ee373bec5a31d62f9140	1	0.001173	0.001173	0	0	0	0	0	0	0	0	0	0	0	SET `CHARACTER_SET_CLIENT` = @?
isucon	ce04eda080d3f5605113e1d0d47c2f20e23b091e2487ba586f07b32cda423942	2	0.001113	0.001052	0	0	2	2	0	0	0	0	0	0	0	SELECT SCHEMA ( )
isucon	e23574188e2b698a8fcd97f399be9bc361e084013df642464d600c0762c8fa39	19	0.000956	0.000068	0	0	0	0	0	0	0	0	0	0	0	UNLOCK TABLES
isucon	0e07c2ebb1f89fa117b31bfecfcac33a746d0c77dbdeea44f69e11c1d1728b41	1	0.000856	0.000856	0.000007	0.000007	0	0	0	0	0	0	0	0	0	LOCK TABLES `admin_sessions` WRITE
isucon	7f5568a8e41e603fe59881024d572285fb4345b6139216ae9904f692afd000ad	1	0.000803	0.000803	0.000008	0.000008	0	0	0	0	0	0	0	0	0	LOCK TABLES `user_decks` WRITE
isucon	ce67ad614b3d640912e4f45f29aa77c1cb71ad601b09713ef959c54079ff7992	1	0.000781	0.000781	0.000009	0.000009	0	0	0	0	0	0	0	0	0	LOCK TABLES `user_sessions` WRITE
isucon	681ae3f8b35c9fc6d43cd074f64554be19c07bdae1cd1de6318e2f77a88cc5fd	1	0.000761	0.000761	0.000009	0.000009	0	0	0	0	0	0	0	0	0	LOCK TABLES `user_items` WRITE
isucon	109d98fe057318081e3b8c2a1d07d4f8bc29b077a97a5523c7fd5cac5380b7d3	1	0.000745	0.000745	0.000006	0.000006	0	0	0	0	0	0	0	0	0	LOCK TABLES `user_one_time_tokens` WRITE
isucon	c77f99f9eb7cc2be6286fd7ca0915df16c3923705c009112a974d10764c84c90	1	0.000717	0.000717	0.000007	0.000007	0	0	0	0	0	0	0	0	0	LOCK TABLES `user_login_bonuses` WRITE
isucon	7f35758cc4c0f37b30b168f4e4ff759fa1af9d39b3d46dcb2edd28119a370158	1	0.000714	0.000714	0.000007	0.000007	0	0	0	0	0	0	0	0	0	LOCK TABLES `user_devices` WRITE
isucon	b0cf05bf1ebff323b73ac553a6d0e0fb3140cdf6d19460a3fea5e40d409c2bc6	1	0.000675	0.000675	0.000006	0.000006	0	0	0	0	0	0	0	0	0	LOCK TABLES `user_cards` WRITE
isucon	63ad26aa849a6b91d1dd02c50ad877e0a17850b5862239ae18c0166f14b0c0cf	1	0.000664	0.000664	0.000008	0.000008	0	0	0	0	0	0	0	0	0	LOCK TABLES `version_masters` WRITE
isucon	16282650a601aabdb2471fb5972febf0aaee4828384384b3e8d8b881e1cc4682	1	0.000615	0.000615	0.000008	0.000008	0	0	0	0	0	0	0	0	0	LOCK TABLES `user_present_all_received_history` WRITE
isucon	8ced4e0769f69332f3d762eb84e9d51271eea82a81716cf703c15df208f26425	1	0.000596	0.000596	0	0	0	0	0	0	0	0	0	0	0	SET `FOREIGN_KEY_CHECKS` = @?
isucon	ea7099e5ea513ef93503b82d58ffbacd361d0a85af920997bdc0fda1ecfc4402	1	0.000591	0.000591	0	0	0	0	42	0	0	0	0	0	0	INSERT INTO `login_bonus_reward_masters` VALUES (...) /* , ... */
isucon	2ea152dd1a9db57d2c10c7dc66afca9b2a81a7bf9d5d1e818b57a18c9178456e	1	0.000591	0.000591	0.000006	0.000006	0	0	0	0	0	0	0	0	0	LOCK TABLES `admin_users` WRITE
isucon	08529b189448173b7ee3b4a4ea995d7aec47dd4fcf83d873948ad9bf1b549b76	1	0.000591	0.000591	0.000006	0.000006	0	0	0	0	0	0	0	0	0	LOCK TABLES `users` WRITE
isucon	a2e7a66bd9d195a1711e9d6e9bdc6af5f3c798bbac704d201f5d142794db2d34	1	0.000586	0.000586	0.000019	0.000019	0	0	0	0	0	0	0	0	0	LOCK TABLES `present_all_masters` WRITE
isucon	f3e8e77614d6f82ff8e4c93a0da9424ca474f5d072798f57ed3bdb079f60a76b	1	0.000577	0.000577	0.000005	0.000005	0	0	0	0	0	0	0	0	0	LOCK TABLES `item_masters` WRITE
isucon	74f1c314a7248da32721d12291ab93fc79ccdaaa40cf73d9c7cf70484317e1d7	1	0.000573	0.000573	0.000006	0.000006	0	0	0	0	0	0	0	0	0	LOCK TABLES `user_bans` WRITE
isucon	bbb03de2b00144666c5c4ed09f00dfc73433b509ffddeb96ca71d5b8c98efe59	1	0.000568	0.000568	0.000006	0.000006	0	0	0	0	0	0	0	0	0	LOCK TABLES `gacha_item_masters` WRITE
isucon	e6ce95f8af65752a02e9c02671fcae6dc5b9cc58688bf88e761f4d60e75ef01f	1	0.000564	0.000564	0.000005	0.000005	0	0	1	0	0	0	0	0	0	INSERT INTO `master_revision` ( `id` , `revision` ) VALUES (...)
isucon	5f6f66dfbe47931f1eb57d761b9dbd9e1dca8985cb713fda8261a1810fb6078d	1	0.000543	0.000543	0.000006	0.000006	0	0	0	0	0	0	0	0	0	LOCK TABLES `gacha_masters` WRITE
isucon	5c380afeab20d41ae4f20a1b437dc229eb90af15af057cdf497fed29f2cfaac3	1	0.000541	0.000541	0	0	0	0	30	0	0	0	0	0	0	INSERT INTO `item_masters` VALUES (...) /* , ... */
isucon	e636eef5d18c47a30a79a8ac24abc0817d92d59191334d90d9a2065006731e1a	1	0.000537	0.000537	0.000005	0.000005	0	0	0	0	0	0	0	0	0	LOCK TABLES `login_bonus_reward_masters` WRITE
isucon	70ba572ae39afd3649a7a9e742eefae4118fabc1975dcf6e666bdea9bdfa357a	1	0.00049	0.00049	0.000004	0.000004	0	0	0	0	0	0	0	0	0	LOCK TABLES `login_bonus_masters` WRITE
isucon	4a317b2dd412e89c6c99f006de3188e5346826af7bffb0dd726f1c9e7e6177b7	1	0.000408	0.000408	0.000006	0.000006	0	0	0	0	0	0	0	0	0	DROP TABLE IF EXISTS `user_state_core`
isucon	b26dacd6d79917e20b2dadf9fe7e76572b18bc9df26b31601bb4cdde47cb7703	1	0.000393	0.000393	0	0	0	0	28	0	0	0	0	0	0	INSERT INTO `present_all_masters` VALUES (...) /* , ... */
isucon	7a047c73112efc215c9a6dc5de3860e178b7f994c4cfa595030a875d8fedee81	1	0.00039	0.00039	0.000005	0.000005	0	0	0	0	0	0	0	0	0	DROP TABLE IF EXISTS `user_session_current`
isucon	796784a3b56dc5a44eb7d3130c1b7b1807e60c7484e270b7dccd7fe75c54b91e	1	0.000364	0.000364	0.000002	0.000002	0	0	0	0	0	0	0	0	0	ALTER TABLE `user_cards` ENABLE KEYS
isucon	acb37d8924b99aedda1ed14f1ea12f0c8dc02fa195405394a169fce24f4abf22	1	0.000348	0.000348	0.000006	0.000006	0	0	0	0	0	0	0	0	0	DROP TABLE IF EXISTS `user_state_events`
isucon	d3b2bf34f0ce906ac217b46027b31a30a2e6c9e54d223a227c5474293de6fd17	1	0.000348	0.000348	0	0	0	0	40	0	0	0	0	0	0	INSERT INTO `gacha_masters` VALUES (...) /* , ... */
isucon	c021eb077d3f985d8bbc309790ed75b5798154529a3c4430e4ba58f24a5de949	1	0.000329	0.000329	0.000006	0.000006	0	0	0	0	0	0	0	0	0	DROP TABLE IF EXISTS `user_state_inbox`
isucon	015a70ea8748d311067d52b4842d4509f212873ef01d68ac2b7fd8b59658c48d	1	0.000322	0.000322	0.000004	0.000004	0	0	0	0	0	0	0	0	0	DROP TABLE IF EXISTS `user_state_inventory`
isucon	fd9362270c469126e576477c2333e42949d9c5761cbadebf0ae57dc1daeb7bfd	1	0.000293	0.000293	0.000002	0.000002	0	0	0	0	0	0	0	0	0	ALTER TABLE `user_items` ENABLE KEYS
isucon	44e35cee979ba420eb49a8471f852bbe15b403c89742704817dfbaace0d99dbb	4	0.00029	0.000078	0	0	4	4	0	0	0	0	0	0	0	SELECT @@`version_comment` LIMIT ?
isucon	164a1fd404849704029e2d784898f0c699eb8a72e89ee83cee7b62c2cea5d023	1	0.000285	0.000285	0.000002	0.000002	0	0	0	0	0	0	0	0	0	ALTER TABLE `user_decks` ENABLE KEYS
isucon	53921cdf8f4754bd9c5cc42fba6167a9da9a8cef71ea98a79f1c64e253478ac7	1	0.000283	0.000283	0.000003	0.000003	0	0	0	0	0	0	0	0	0	ALTER TABLE `user_devices` ENABLE KEYS
isucon	033eb86879fdc7d335052384c3de9b43a8bd52cb144af24ea0ad8b7a6606af8d	1	0.000271	0.000271	0.000001	0.000001	0	0	0	0	0	0	0	0	0	ALTER TABLE `user_present_all_received_history` ENABLE KEYS
isucon	0125bfa8e096ac2f22c4c6cb08dda16621eaeb73c6981fb287da61c2e3fa7c4a	1	0.000252	0.000252	0.000002	0.000002	0	0	0	0	0	0	0	0	0	ALTER TABLE `user_login_bonuses` ENABLE KEYS
isucon	481f69a871f4829b848abb3a6e204feb2645bfedefb0124e28b77ea180142380	1	0.000246	0.000246	0.000002	0.000002	0	0	0	0	0	0	0	0	0	ALTER TABLE `user_items` DISABLE KEYS
isucon	eeb1160abdd819be480f5e347b5c970cfa90b1f9dfe3e6f5cc217b587c05b757	1	0.000222	0.000222	0.000001	0.000001	0	0	0	0	0	0	0	0	0	ALTER TABLE `users` ENABLE KEYS
isucon	45882737ac54b9984087478fd015382d0464b8e8a9f5b3172776d4434def8102	1	0.000219	0.000219	0.000002	0.000002	0	0	0	0	0	0	0	0	0	ALTER TABLE `user_bans` ENABLE KEYS
isucon	cbee645a98cd28ce6314982c931011101cd60845b7667add347c365089718bc5	1	0.00021	0.00021	0.000002	0.000002	0	0	0	0	0	0	0	0	0	ALTER TABLE `user_decks` DISABLE KEYS
isucon	4b35be78064ac6bfce2695ff61cfa6a93954c510e9627308885d33a94062faa4	1	0.000202	0.000202	0.000001	0.000001	0	0	0	0	0	0	0	0	0	ALTER TABLE `user_sessions` DISABLE KEYS
isucon	371f2ffe77eb72d209a0fa90c435b841f039058299bfc57892464619ed5dc1e5	1	0.000199	0.000199	0.000001	0.000001	0	0	0	0	0	0	0	0	0	ALTER TABLE `gacha_item_masters` ENABLE KEYS
isucon	9a92e0b8ba368045f3c4320edee935d32436a31543c2ad28e1a7474b666b4973	1	0.000187	0.000187	0	0	0	0	0	0	0	0	0	0	0	ALTER TABLE `admin_sessions` DISABLE KEYS
isucon	98703c3b4a67dff74e584a99b0b5685d55ebd484bc74cf0f787efb3fa43d07da	1	0.000182	0.000182	0.000001	0.000001	0	0	0	0	0	0	0	0	0	ALTER TABLE `user_one_time_tokens` DISABLE KEYS
isucon	a5bdb3d93221846a0d779a434dd5260713370e919cbd5bb433f0fd36356b1a73	1	0.000181	0.000181	0.000001	0.000001	0	0	0	0	0	0	0	0	0	ALTER TABLE `gacha_item_masters` DISABLE KEYS
isucon	d122105592d38fe4951a37caf05499e650a80d00ded5963f4ce7b61a2d309158	1	0.000181	0.000181	0.000001	0.000001	0	0	0	0	0	0	0	0	0	ALTER TABLE `user_devices` DISABLE KEYS
isucon	174f11f4860b1dc87499654de597fd1fa2082d70fc86061c7f5791f5ed775565	1	0.000178	0.000178	0.000001	0.000001	0	0	0	0	0	0	0	0	0	DELETE FROM `user_presents` WHERE `id` > ?
isucon	a681d720a6d039d4d2f364ab7575b318a68ef3c54ed3054a6b20ec2f13576b83	1	0.000173	0.000173	0.000002	0.000002	0	0	0	0	0	0	0	0	0	ALTER TABLE `user_sessions` ENABLE KEYS
isucon	2c00d236df7ec3896c191fc93370021c7433681d880bf52b31368666ad9209e7	1	0.000172	0.000172	0.000001	0.000001	0	0	0	0	0	0	0	0	0	ALTER TABLE `login_bonus_reward_masters` DISABLE KEYS
isucon	de98011bb62e242cda8f1753bab68e28f153e1fc75ea47fc36657fc56aa3a818	1	0.000169	0.000169	0.000001	0.000001	0	0	0	0	0	0	0	0	0	ALTER TABLE `user_login_bonuses` DISABLE KEYS
isucon	a94addd23e2d0d50f62823769f2b34c8080ae68e25064cb2feb665e0cff62f6e	1	0.000164	0.000164	0.000001	0.000001	0	0	0	0	0	0	0	0	0	ALTER TABLE `user_cards` DISABLE KEYS
isucon	f8fdd93e70943065ec6df5d9995ad76583556ad0de1dfe004f375fe3ce3242e6	1	0.000159	0.000159	0	0	0	0	1	0	0	0	0	0	0	INSERT INTO `admin_users` VALUES (...)
isucon	edbddc641062e185132817dc1c52d8204042208d14de2988425b7e4939927d75	1	0.000157	0.000157	0	0	0	0	0	0	0	0	0	0	0	ALTER TABLE `user_one_time_tokens` ENABLE KEYS
isucon	5f439347aa61a73f97f94a8e7677de32aa01f53b96bbc3254440f1f1f6ba305f	1	0.000157	0.000157	0	0	0	0	0	0	0	0	0	0	0	ALTER TABLE `admin_sessions` ENABLE KEYS
isucon	6190e291363dd4d5fb4127d2858940ad53cffc824f608dd418cec54b0fc9887b	1	0.000155	0.000155	0	0	0	0	4	0	0	0	0	0	0	INSERT INTO `login_bonus_masters` VALUES (...) /* , ... */
isucon	53bde55a02ae736818e35928b487efd72c47a99d747f94a970fd6bc6d1abffe8	1	0.000155	0.000155	0.000001	0.000001	0	0	0	0	0	0	0	0	0	ALTER TABLE `user_present_all_received_history` DISABLE KEYS
isucon	75fa8a76edae78d31d75062882cb47f01d385cee5579e600baf9ed29bd2d3ae6	1	0.000155	0.000155	0.000001	0.000001	0	0	0	0	0	0	0	0	0	ALTER TABLE `item_masters` DISABLE KEYS
isucon	58e10e842684f69cca4367ff5440a1026e4c670a2607ee7075ad5c8a0546419e	1	0.000154	0.000154	0	0	0	0	0	0	0	0	0	0	0	ALTER TABLE `present_all_masters` ENABLE KEYS
isucon	b3c60dd9f87b5d3ff9a345c7c4ccd065c1abb436a7963f53a36ad478f29ae67c	1	0.000154	0.000154	0	0	0	0	0	0	0	0	0	0	0	ALTER TABLE `login_bonus_reward_masters` ENABLE KEYS
isucon	3a6a02f9f696e4e30d01483766d8ac316a3ba03123f14c6f51b7b64c2791a7b5	1	0.00015	0.00015	0.000001	0.000001	0	0	0	0	0	0	0	0	0	ALTER TABLE `user_bans` DISABLE KEYS
isucon	9bbb78850e730b129e3761832db16c009af6a6b1f7e01d35d194d8cadd872bf0	1	0.000148	0.000148	0.000001	0.000001	0	0	0	0	0	0	0	0	0	ALTER TABLE `login_bonus_masters` ENABLE KEYS
isucon	5fedd3720a9cb72cd1a13f4026b609f35ae8b7411da7236daa6664259d21c282	1	0.000142	0.000142	0	0	0	0	0	0	0	0	0	0	0	ALTER TABLE `version_masters` DISABLE KEYS
isucon	f35cb7d508f900b553991036424853ddf1fb99867ac58782c0d916520fdbfa89	1	0.00014	0.00014	0.000001	0.000001	0	0	0	0	0	0	0	0	0	ALTER TABLE `item_masters` ENABLE KEYS
isucon	634d2ebc393ddf28a264c1749a2636c13f197ca86dbe2f65880856dc06bcb572	1	0.000138	0.000138	0.000001	0.000001	0	0	0	0	0	0	0	0	0	ALTER TABLE `gacha_masters` ENABLE KEYS
isucon	9c68aeff16d97862537e4b560f4f951f5330d1606e4402c638a6d17a25cd7621	1	0.000136	0.000136	0.000001	0.000001	0	0	0	0	0	0	0	0	0	ALTER TABLE `admin_users` DISABLE KEYS
isucon	44f06b3eb8708c120bfc4b82fc9165356a1c2b231fd362d569e06ef0492ea469	1	0.000136	0.000136	0.000001	0.000001	0	0	0	0	0	0	0	0	0	ALTER TABLE `users` DISABLE KEYS
isucon	0b93c066d1e6378279b05b257dddb080e10e7362bbbbfd261dd80f10f1480fe7	1	0.000135	0.000135	0.000001	0.000001	0	0	0	0	0	0	0	0	0	ALTER TABLE `present_all_masters` DISABLE KEYS
isucon	617472873355ef881b11e2a54a76317708798521a78a438a68f6bfc361879478	1	0.000134	0.000134	0.000001	0.000001	0	0	0	0	0	0	0	0	0	ALTER TABLE `login_bonus_masters` DISABLE KEYS
isucon	9c25673e59a366c01da0917f5108bdd2a527562e1e2fa2d918d7477898215472	1	0.000133	0.000133	0.000001	0.000001	0	0	0	0	0	0	0	0	0	ALTER TABLE `gacha_masters` DISABLE KEYS
isucon	735f4d8364fc1fe043e81d0475b3ac864d7bcf75a27e1b2e4cb149ff3993b0db	1	0.000131	0.000131	0.000001	0.000001	0	0	0	0	0	0	0	0	0	ALTER TABLE `admin_users` ENABLE KEYS
isucon	1c5d038ea023bd425873dd7ad7f737a9be24d07f03ec60f1d1ee538c87f42f4f	1	0.000123	0.000123	0	0	0	0	0	0	0	0	0	0	0	ALTER TABLE `version_masters` ENABLE KEYS
	48d06d86b583ece1b6a7ac4a0e7f258d15266bea0382ff8de286e65fbf284384	1	0.000116	0.000116	0	0	1	1	0	0	0	0	0	0	0	SELECT @@`performance_schema`
isucon	ce67aca6d77f9b1f6d2ed1a6de31bafe431b23eb254e75190028cc89bb3ca8fd	1	0.000104	0.000104	0	0	0	0	1	0	0	0	0	0	0	INSERT INTO `version_masters` VALUES (...)
isucon	69c4dfb456bd290721446aaa66996a41bf7fb607869df635e3bdcf6433e5e529	1	0.000082	0.000082	0	0	0	0	0	0	0	0	0	0	0	SET @? = @@`CHARACTER_SET_CLIENT`
isucon	9cc5b9a55e517617aa9fe8934f19f347751496cdee4c9762de1197f4a47cac3c	1	0.000053	0.000053	0	0	0	0	0	0	0	0	0	0	0	SET `TIME_ZONE` = @?
isucon	986afe6aca4220e096e9370b609528f6abc808631ba6197214c836e1d91ea2ea	1	0.000047	0.000047	0	0	0	0	0	0	0	0	0	0	0	USE `isucon`
isucon	34050bb5911aac2ae6a515dde77e32258e0712af886d6e53e57b28463f110f90	1	0.000043	0.000043	0	0	0	0	0	0	0	0	0	0	0	SET `TIME_ZONE` = ?
isucon	6d631211d940af327fe3f82a008b908dc6cba3912cae61881353006e73354eee	1	0.000039	0.000039	0	0	0	0	0	0	0	0	0	0	0	SET NAMES `utf8mb4`
isucon	f524b1455bdc94b497bbf4ec1041ce6a7a7cafe6532a6c3082cccf1b34c14bc0	1	0.000036	0.000036	0	0	0	0	0	0	0	0	0	0	0	SET `CHARACTER_SET_RESULTS` = @?
isucon	96636dd6b081bf4ceae6ff4c09551752daea9a20f5ceaee40494d31a97d2be10	1	0.000036	0.000036	0	0	0	0	0	0	0	0	0	0	0	SET @? = @@`UNIQUE_CHECKS` , `UNIQUE_CHECKS` = ?
isucon	a26b51c676c5b6c3e8a176c7983e2e67bef28a4acb110fa88183e22b3c41633f	1	0.000035	0.000035	0	0	0	0	0	0	0	0	0	0	0	SET @? = @@`SQL_MODE` , `SQL_MODE` = ?
isucon	7cfd0922b10753acc4af65bfb00e2ea621c75372833dee9c8e256a5ab9930908	1	0.000034	0.000034	0	0	0	0	0	0	0	0	0	0	0	SET @? = @@`CHARACTER_SET_RESULTS`
isucon	6a7d0c9e9540d9168207de58260fdc7effc93d232565e8e6cdc5a8df008888d5	1	0.000033	0.000033	0	0	0	0	0	0	0	0	0	0	0	SET @? = @@`FOREIGN_KEY_CHECKS` , `FOREIGN_KEY_CHECKS` = ?
isucon	a69b1d65f8c3ce4392eec02deb844c5c9ce879e6333e605d2626267ee93e23d8	1	0.000031	0.000031	0	0	0	0	0	0	0	0	0	0	0	SET `SQL_MODE` = @?
isucon	782a2515c83cb8e744efdf71ae101f962fada2dfed4f4fab81847ae0ae7307fe	1	0.00003	0.00003	0	0	0	0	0	0	0	0	0	0	0	SET `UNIQUE_CHECKS` = @?
isucon	3025d5d1475dd6f48cffff0dbf11a1912e1b4da036939e3f6b7ae5a38ba413b4	1	0.00003	0.00003	0	0	0	0	0	0	0	0	0	0	0	SET @? = @@`TIME_ZONE`
isucon	c61cdb1341b472cdfd54de3d74458293e5f9eaf2cfa924147920b03bcdb2a8dc	1	0.00003	0.00003	0	0	0	0	0	0	0	0	0	0	0	SET @? = @@`COLLATION_CONNECTION`
isucon	83d93e76a974ad72bad59a62be1b831c0f4aeb221f916d4e68cde780da6039c6	1	0.000029	0.000029	0	0	0	0	0	0	0	0	0	0	0	SET `COLLATION_CONNECTION` = @?
isucon	830549b4d454b5afbd8e5630371b4887d2f35c591036fce26a1d6bb2e87b2ad7	1	0.000029	0.000029	0	0	0	0	0	0	0	0	0	0	0	SET @? = @@`SQL_NOTES` , `SQL_NOTES` = ?
isucon	ee09f71fe985a69a7566d41b4308b2cf1cccfc0773f2a6bbf2615359fdb33096	1	0.000025	0.000025	0	0	0	0	0	0	0	0	0	0	0	SET `SQL_NOTES` = @?
