sample	timestamp	elapsed_ms	captured_waits	capture_error	wait_key	requesting_trx_id	blocking_trx_id	object_schema	object_table	object_index	request_lock_type	request_lock_mode	request_lock_data	blocking_lock_type	blocking_lock_mode	blocking_lock_data	requesting_thread_id	requesting_processlist_id	requesting_sql	blocking_thread_id	blocking_processlist_id	blocking_sql
0	2026-09-24T20:14:42.706405748Z	0	0																			
1	2026-09-24T20:14:42.757329603Z	50	0																			
2	2026-09-24T20:14:42.807096141Z	100	0																			
3	2026-09-24T20:14:42.857817397Z	151	0																			
4	2026-09-24T20:14:42.907552197Z	201	0																			
5	2026-09-24T20:14:42.957651931Z	251	0																			
6	2026-09-24T20:14:43.007615348Z	301	0																			
7	2026-09-24T20:14:43.057430379Z	351	0																			
8	2026-09-24T20:14:43.107091504Z	400	0																			
9	2026-09-24T20:14:43.15776394Z	451	0																			
10	2026-09-24T20:14:43.207436958Z	501	0																			
11	2026-09-24T20:14:43.257086429Z	550	0																			
12	2026-09-24T20:14:43.307822006Z	601	0																			
13	2026-09-24T20:14:43.357536037Z	651	0																			
14	2026-09-24T20:14:43.407235773Z	700	0																			
15	2026-09-24T20:14:43.457920023Z	751	0																			
16	2026-09-24T20:14:43.507615915Z	801	0																			
17	2026-09-24T20:14:43.557362414Z	850	0																			
18	2026-09-24T20:14:43.608049107Z	901	0																			
19	2026-09-24T20:14:43.657802881Z	951	0																			
20	2026-09-24T20:14:43.707516804Z	1001	0																			
21	2026-09-24T20:14:43.757252397Z	1050	0																			
22	2026-09-24T20:14:43.807941893Z	1101	0																			
23	2026-09-24T20:14:43.857602572Z	1151	0																			
24	2026-09-24T20:14:43.907265194Z	1200	0																			
25	2026-09-24T20:14:43.95792238Z	1251	0																			
26	2026-09-24T20:14:44.007591484Z	1301	0																			
27	2026-09-24T20:14:44.057305517Z	1350	0																			
28	2026-09-24T20:14:44.108022548Z	1401	0																			
29	2026-09-24T20:14:44.157719331Z	1451	0																			
30	2026-09-24T20:14:44.207437624Z	1501	0																			
31	2026-09-24T20:14:44.257112099Z	1550	0																			
32	2026-09-24T20:14:44.307894243Z	1601	0																			
33	2026-09-24T20:14:44.357583743Z	1651	0																			
34	2026-09-24T20:14:44.407227642Z	1700	0																			
35	2026-09-24T20:14:44.457897406Z	1751	0																			
36	2026-09-24T20:14:44.50768344Z	1801	0																			
37	2026-09-24T20:14:44.557445493Z	1851	0																			
38	2026-09-24T20:14:44.608135112Z	1901	0																			
39	2026-09-24T20:14:44.657881511Z	1951	0																			
40	2026-09-24T20:14:44.707536566Z	2001	0																			
41	2026-09-24T20:14:44.757212154Z	2050	0																			
42	2026-09-24T20:14:44.807828672Z	2101	0																			
43	2026-09-24T20:14:44.857463999Z	2151	0																			
44	2026-09-24T20:14:44.907089797Z	2200	0																			
45	2026-09-24T20:14:44.957766173Z	2251	0																			
46	2026-09-24T20:14:45.007455508Z	2301	0																			
47	2026-09-24T20:14:45.058122335Z	2351	0																			
48	2026-09-24T20:14:45.107830748Z	2401	0																			
49	2026-09-24T20:14:45.15758724Z	2451	0																			
50	2026-09-24T20:14:45.207307873Z	2500	0																			
51	2026-09-24T20:14:45.258034821Z	2551	0																			
52	2026-09-24T20:14:45.307766395Z	2601	0																			
53	2026-09-24T20:14:45.357460715Z	2651	0																			
54	2026-09-24T20:14:45.407127996Z	2700	0																			
55	2026-09-24T20:14:45.457385413Z	2750	0																			
56	2026-09-24T20:14:45.508071984Z	2801	0																			
57	2026-09-24T20:14:45.557789266Z	2851	0																			
58	2026-09-24T20:14:45.607547013Z	2901	0																			
59	2026-09-24T20:14:45.657258219Z	2950	0																			
60	2026-09-24T20:14:45.707952103Z	3001	0																			
61	2026-09-24T20:14:45.757614551Z	3051	0																			
62	2026-09-24T20:14:45.807297332Z	3100	0																			
63	2026-09-24T20:14:45.857933436Z	3151	0																			
64	2026-09-24T20:14:45.907602118Z	3201	0																			
65	2026-09-24T20:14:45.957306354Z	3250	0																			
66	2026-09-24T20:14:46.007976389Z	3301	0																			
67	2026-09-24T20:14:46.05769308Z	3351	0																			
68	2026-09-24T20:14:46.107426576Z	3401	0																			
69	2026-09-24T20:14:46.157099443Z	3450	0																			
70	2026-09-24T20:14:46.207817073Z	3501	0																			
71	2026-09-24T20:14:46.257610989Z	3551	0																			
72	2026-09-24T20:14:46.307316575Z	3600	0																			
73	2026-09-24T20:14:46.357995881Z	3651	0																			
74	2026-09-24T20:14:46.407713653Z	3701	0																			
75	2026-09-24T20:14:46.457437458Z	3751	0																			
76	2026-09-24T20:14:46.508128916Z	3801	0																			
77	2026-09-24T20:14:46.55780078Z	3851	0																			
78	2026-09-24T20:14:46.607476525Z	3901	0																			
79	2026-09-24T20:14:46.657144547Z	3950	0																			
80	2026-09-24T20:14:46.707882819Z	4001	0																			
81	2026-09-24T20:14:46.757571852Z	4051	0																			
82	2026-09-24T20:14:46.807281312Z	4100	0																			
83	2026-09-24T20:14:46.857919591Z	4151	0																			
84	2026-09-24T20:14:46.907618298Z	4201	0																			
85	2026-09-24T20:14:46.957316405Z	4250	0																			
86	2026-09-24T20:14:47.0080163Z	4301	0																			
87	2026-09-24T20:14:47.057730029Z	4351	0																			
88	2026-09-24T20:14:47.107479466Z	4401	0																			
89	2026-09-24T20:14:47.157142266Z	4450	0																			
90	2026-09-24T20:14:47.207843037Z	4501	0																			
91	2026-09-24T20:14:47.257580183Z	4551	0																			
92	2026-09-24T20:14:47.307250586Z	4600	0																			
93	2026-09-24T20:14:47.357921086Z	4651	0																			
94	2026-09-24T20:14:47.40761263Z	4701	0																			
95	2026-09-24T20:14:47.45730736Z	4750	0																			
96	2026-09-24T20:14:47.50797633Z	4801	0																			
97	2026-09-24T20:14:47.557688783Z	4851	0																			
98	2026-09-24T20:14:47.60744608Z	4901	0																			
99	2026-09-24T20:14:47.657229981Z	4950	0																			
100	2026-09-24T20:14:47.70789776Z	5001	0																			
101	2026-09-24T20:14:47.757602238Z	5051	0																			
102	2026-09-24T20:14:47.807286284Z	5100	0																			
103	2026-09-24T20:14:47.858003866Z	5151	0																			
104	2026-09-24T20:14:47.907691043Z	5201	0																			
105	2026-09-24T20:14:47.957473533Z	5251	0																			
106	2026-09-24T20:14:48.007132703Z	5300	0																			
107	2026-09-24T20:14:48.057842226Z	5351	0																			
108	2026-09-24T20:14:48.107587512Z	5401	0																			
109	2026-09-24T20:14:48.157321908Z	5450	0																			
110	2026-09-24T20:14:48.208034532Z	5501	0																			
111	2026-09-24T20:14:48.257779997Z	5551	0																			
112	2026-09-24T20:14:48.307444456Z	5601	0																			
113	2026-09-24T20:14:48.358137826Z	5651	0																			
114	2026-09-24T20:14:48.407860858Z	5701	0																			
115	2026-09-24T20:14:48.457541042Z	5751	0																			
116	2026-09-24T20:14:48.507258995Z	5800	0																			
117	2026-09-24T20:14:48.557966255Z	5851	0																			
118	2026-09-24T20:14:48.607728226Z	5901	0																			
119	2026-09-24T20:14:48.65743354Z	5951	0																			
120	2026-09-24T20:14:48.707117619Z	6000	0																			
121	2026-09-24T20:14:48.757805813Z	6051	0																			
122	2026-09-24T20:14:48.807537894Z	6101	0																			
123	2026-09-24T20:14:48.857237334Z	6150	0																			
124	2026-09-24T20:14:48.907896214Z	6201	0																			
125	2026-09-24T20:14:48.957576015Z	6251	0																			
126	2026-09-24T20:14:49.007320562Z	6300	0																			
127	2026-09-24T20:14:49.058078119Z	6351	0																			
128	2026-09-24T20:14:49.107834702Z	6401	0																			
129	2026-09-24T20:14:49.157761872Z	6451	0																			
130	2026-09-24T20:14:49.207479908Z	6501	0																			
131	2026-09-24T20:14:49.257247148Z	6550	0																			
132	2026-09-24T20:14:49.307982214Z	6601	0																			
133	2026-09-24T20:14:49.35783449Z	6651	0																			
134	2026-09-24T20:14:49.407540704Z	6701	0																			
135	2026-09-24T20:14:49.457284692Z	6750	0																			
136	2026-09-24T20:14:49.507229866Z	6800	0																			
137	2026-09-24T20:14:49.557467004Z	6851	0																			
138	2026-09-24T20:14:49.607547292Z	6901	0																			
139	2026-09-24T20:14:49.657388224Z	6950	0																			
140	2026-09-24T20:14:49.707217574Z	7000	0																			
141	2026-09-24T20:14:49.757928243Z	7051	0																			
142	2026-09-24T20:14:49.807658406Z	7101	0																			
143	2026-09-24T20:14:49.8573785Z	7150	0																			
144	2026-09-24T20:14:49.908105806Z	7201	0																			
145	2026-09-24T20:14:49.957793797Z	7251	0																			
146	2026-09-24T20:14:50.007638349Z	7301	0																			
147	2026-09-24T20:14:50.057340094Z	7350	0																			
148	2026-09-24T20:14:50.108058681Z	7401	0																			
149	2026-09-24T20:14:50.157715307Z	7451	0																			
150	2026-09-24T20:14:50.207467377Z	7501	0																			
151	2026-09-24T20:14:50.257232216Z	7550	0																			
152	2026-09-24T20:14:50.307955706Z	7601	0																			
153	2026-09-24T20:14:50.357759531Z	7651	0																			
154	2026-09-24T20:14:50.407496948Z	7701	0																			
155	2026-09-24T20:14:50.45709156Z	7750	0																			
156	2026-09-24T20:14:50.507809654Z	7801	0																			
157	2026-09-24T20:14:50.557912357Z	7851	0																			
158	2026-09-24T20:14:50.607801192Z	7901	0																			
159	2026-09-24T20:14:50.657574616Z	7951	0																			
160	2026-09-24T20:14:50.707370087Z	8000	0																			
161	2026-09-24T20:14:50.757152259Z	8050	0																			
162	2026-09-24T20:14:50.807858744Z	8101	0																			
163	2026-09-24T20:14:50.857707443Z	8151	0																			
164	2026-09-24T20:14:50.907476558Z	8201	0																			
165	2026-09-24T20:14:50.957330687Z	8250	0																			
166	2026-09-24T20:14:51.007386339Z	8300	0																			
167	2026-09-24T20:14:51.057318239Z	8350	0																			
168	2026-09-24T20:14:51.10813017Z	8401	0																			
169	2026-09-24T20:14:51.157949259Z	8451	0																			
170	2026-09-24T20:14:51.207778537Z	8501	0																			
171	2026-09-24T20:14:51.257550783Z	8551	0																			
172	2026-09-24T20:14:51.307320671Z	8600	0																			
173	2026-09-24T20:14:51.357114544Z	8650	0																			
174	2026-09-24T20:14:51.407952336Z	8701	0																			
175	2026-09-24T20:14:51.457792831Z	8751	0																			
176	2026-09-24T20:14:51.507591517Z	8801	0																			
177	2026-09-24T20:14:51.557449442Z	8851	0																			
178	2026-09-24T20:14:51.607101678Z	8900	0																			
179	2026-09-24T20:14:51.657874188Z	8951	0																			
180	2026-09-24T20:14:51.707771091Z	9001	0																			
181	2026-09-24T20:14:51.757634186Z	9051	0																			
182	2026-09-24T20:14:51.807469978Z	9101	0																			
183	2026-09-24T20:14:51.857246405Z	9150	0																			
184	2026-09-24T20:14:51.90803433Z	9201	0																			
185	2026-09-24T20:14:51.957894604Z	9251	0																			
186	2026-09-24T20:14:52.007636006Z	9301	0																			
187	2026-09-24T20:14:52.057454861Z	9351	0																			
188	2026-09-24T20:14:52.107240907Z	9400	0																			
189	2026-09-24T20:14:52.158093468Z	9451	0																			
190	2026-09-24T20:14:52.207886771Z	9501	0																			
191	2026-09-24T20:14:52.257708569Z	9551	0																			
192	2026-09-24T20:14:52.307531895Z	9601	0																			
193	2026-09-24T20:14:52.357314642Z	9650	0																			
194	2026-09-24T20:14:52.408112408Z	9701	0																			
195	2026-09-24T20:14:52.457872218Z	9751	0																			
196	2026-09-24T20:14:52.507714182Z	9801	0																			
197	2026-09-24T20:14:52.557708209Z	9851	0																			
198	2026-09-24T20:14:52.60770981Z	9901	0																			
199	2026-09-24T20:14:52.657554686Z	9951	0																			
200	2026-09-24T20:14:52.707388641Z	10000	0																			
201	2026-09-24T20:14:52.758103246Z	10051	0																			
202	2026-09-24T20:14:52.807900285Z	10101	0																			
203	2026-09-24T20:14:52.857675335Z	10151	0																			
204	2026-09-24T20:14:52.907393894Z	10200	0																			
205	2026-09-24T20:14:52.957247915Z	10250	0																			
206	2026-09-24T20:14:53.00711158Z	10300	0																			
207	2026-09-24T20:14:53.057866716Z	10351	0																			
208	2026-09-24T20:14:53.107708333Z	10401	0																			
209	2026-09-24T20:14:53.157481355Z	10451	0																			
210	2026-09-24T20:14:53.207298718Z	10500	0																			
211	2026-09-24T20:14:53.257639014Z	10551	0																			
212	2026-09-24T20:14:53.307546106Z	10601	0																			
213	2026-09-24T20:14:53.357382089Z	10650	0																			
214	2026-09-24T20:14:53.407143497Z	10700	0																			
215	2026-09-24T20:14:53.457239247Z	10750	0																			
216	2026-09-24T20:14:53.507315094Z	10800	0																			
217	2026-09-24T20:14:53.557126831Z	10850	0																			
218	2026-09-24T20:14:53.608020946Z	10901	0																			
219	2026-09-24T20:14:53.657872037Z	10951	0																			
220	2026-09-24T20:14:53.707689085Z	11001	0																			
221	2026-09-24T20:14:53.757472777Z	11051	0																			
222	2026-09-24T20:14:53.807316864Z	11100	0																			
223	2026-09-24T20:14:53.858149451Z	11151	0																			
224	2026-09-24T20:14:53.907947689Z	11201	0																			
225	2026-09-24T20:14:53.957703528Z	11251	0																			
226	2026-09-24T20:14:54.007437021Z	11301	0																			
227	2026-09-24T20:14:54.057152301Z	11350	0																			
228	2026-09-24T20:14:54.107886453Z	11401	0																			
229	2026-09-24T20:14:54.15772245Z	11451	0																			
230	2026-09-24T20:14:54.20755898Z	11501	0																			
231	2026-09-24T20:14:54.257399934Z	11550	0																			
232	2026-09-24T20:14:54.307246474Z	11600	0																			
233	2026-09-24T20:14:54.358101991Z	11651	0																			
234	2026-09-24T20:14:54.407889738Z	11701	0																			
235	2026-09-24T20:14:54.457708541Z	11751	0																			
236	2026-09-24T20:14:54.507485333Z	11801	0																			
237	2026-09-24T20:14:54.557534527Z	11851	0																			
238	2026-09-24T20:14:54.607617771Z	11901	0																			
239	2026-09-24T20:14:54.657484445Z	11951	0																			
240	2026-09-24T20:14:54.707318528Z	12000	0																			
241	2026-09-24T20:14:54.758104892Z	12051	0																			
242	2026-09-24T20:14:54.807899144Z	12101	0																			
243	2026-09-24T20:14:54.857679422Z	12151	0																			
244	2026-09-24T20:14:54.907712987Z	12201	0																			
245	2026-09-24T20:14:54.957583776Z	12251	0																			
246	2026-09-24T20:14:55.007322014Z	12300	0																			
247	2026-09-24T20:14:55.057326548Z	12350	0																			
248	2026-09-24T20:14:55.107128549Z	12400	0																			
249	2026-09-24T20:14:55.157870692Z	12451	0																			
250	2026-09-24T20:14:55.207634399Z	12501	0																			
251	2026-09-24T20:14:55.257541836Z	12551	0																			
252	2026-09-24T20:14:55.307392291Z	12600	0																			
253	2026-09-24T20:14:55.357223467Z	12650	0																			
254	2026-09-24T20:14:55.407306347Z	12700	0																			
255	2026-09-24T20:14:55.457246588Z	12750	0																			
256	2026-09-24T20:14:55.507309899Z	12800	0																			
257	2026-09-24T20:14:55.557145165Z	12850	0																			
258	2026-09-24T20:14:55.607992505Z	12901	0																			
259	2026-09-24T20:14:55.65786292Z	12951	0																			
260	2026-09-24T20:14:55.707802207Z	13001	0																			
261	2026-09-24T20:14:55.757115163Z	13050	0																			
262	2026-09-24T20:14:55.807909779Z	13101	0																			
263	2026-09-24T20:14:55.857718836Z	13151	0																			
264	2026-09-24T20:14:55.907561491Z	13201	0																			
265	2026-09-24T20:14:55.957323897Z	13250	0																			
266	2026-09-24T20:14:56.007133045Z	13300	0																			
267	2026-09-24T20:14:56.057956846Z	13351	0																			
268	2026-09-24T20:14:56.107797071Z	13401	0																			
269	2026-09-24T20:14:56.157618099Z	13451	0																			
270	2026-09-24T20:14:56.207396014Z	13500	0																			
271	2026-09-24T20:14:56.257241462Z	13550	0																			
272	2026-09-24T20:14:56.308032521Z	13601	0																			
273	2026-09-24T20:14:56.357866445Z	13651	0																			
274	2026-09-24T20:14:56.40763864Z	13701	0																			
275	2026-09-24T20:14:56.457477528Z	13751	0																			
276	2026-09-24T20:14:56.507480563Z	13801	0																			
277	2026-09-24T20:14:56.557534377Z	13851	0																			
278	2026-09-24T20:14:56.607407478Z	13901	0																			
279	2026-09-24T20:14:56.657779859Z	13951	0																			
280	2026-09-24T20:14:56.707604435Z	14001	0																			
281	2026-09-24T20:14:56.757301514Z	14050	0																			
282	2026-09-24T20:14:56.808100616Z	14101	0																			
283	2026-09-24T20:14:56.857954948Z	14151	0																			
284	2026-09-24T20:14:56.907797494Z	14201	0																			
285	2026-09-24T20:14:56.957612438Z	14251	0																			
286	2026-09-24T20:14:57.007394401Z	14300	0																			
287	2026-09-24T20:14:57.05724267Z	14350	0																			
288	2026-09-24T20:14:57.107252829Z	14400	0																			
289	2026-09-24T20:14:57.157093999Z	14450	0																			
290	2026-09-24T20:14:57.208044501Z	14501	0																			
291	2026-09-24T20:14:57.257770873Z	14551	0																			
292	2026-09-24T20:14:57.307479466Z	14601	0																			
293	2026-09-24T20:14:57.35731637Z	14650	0																			
294	2026-09-24T20:14:57.408119335Z	14701	0																			
295	2026-09-24T20:14:57.457954754Z	14751	0																			
296	2026-09-24T20:14:57.507814659Z	14801	0																			
297	2026-09-24T20:14:57.557633955Z	14851	0																			
298	2026-09-24T20:14:57.607475941Z	14901	0																			
299	2026-09-24T20:14:57.657322675Z	14950	0																			
300	2026-09-24T20:14:57.707103479Z	15000	0																			
301	2026-09-24T20:14:57.757963481Z	15051	0																			
302	2026-09-24T20:14:57.807785049Z	15101	0																			
303	2026-09-24T20:14:57.857645181Z	15151	0																			
304	2026-09-24T20:14:57.907476245Z	15201	0																			
305	2026-09-24T20:14:57.957373408Z	15250	0																			
306	2026-09-24T20:14:58.007231551Z	15300	0																			
307	2026-09-24T20:14:58.057966585Z	15351	0																			
308	2026-09-24T20:14:58.107805003Z	15401	0																			
309	2026-09-24T20:14:58.157501369Z	15451	0																			
310	2026-09-24T20:14:58.207316223Z	15500	0																			
311	2026-09-24T20:14:58.258079692Z	15551	0																			
312	2026-09-24T20:14:58.30789826Z	15601	0																			
313	2026-09-24T20:14:58.357718887Z	15651	0																			
314	2026-09-24T20:14:58.407539796Z	15701	0																			
315	2026-09-24T20:14:58.45741767Z	15751	0																			
316	2026-09-24T20:14:58.507486512Z	15801	0																			
317	2026-09-24T20:14:58.557320944Z	15850	0																			
318	2026-09-24T20:14:58.607240639Z	15900	0																			
319	2026-09-24T20:14:58.658092637Z	15951	0																			
320	2026-09-24T20:14:58.707981634Z	16001	0																			
321	2026-09-24T20:14:58.757811114Z	16051	0																			
322	2026-09-24T20:14:58.807714083Z	16101	0																			
323	2026-09-24T20:14:58.857549128Z	16151	0																			
324	2026-09-24T20:14:58.907402923Z	16200	0																			
325	2026-09-24T20:14:58.957247534Z	16250	0																			
326	2026-09-24T20:14:59.008141052Z	16301	0																			
327	2026-09-24T20:14:59.057968961Z	16351	0																			
328	2026-09-24T20:14:59.107771151Z	16401	0																			
329	2026-09-24T20:14:59.157581801Z	16451	0																			
330	2026-09-24T20:14:59.207370207Z	16500	0																			
331	2026-09-24T20:14:59.257121139Z	16550	0																			
332	2026-09-24T20:14:59.307955994Z	16601	0																			
333	2026-09-24T20:14:59.357771892Z	16651	0																			
334	2026-09-24T20:14:59.407568063Z	16701	0																			
335	2026-09-24T20:14:59.457405203Z	16750	0																			
336	2026-09-24T20:14:59.507545649Z	16801	0																			
337	2026-09-24T20:14:59.557399095Z	16850	0																			
338	2026-09-24T20:14:59.607239044Z	16900	0																			
339	2026-09-24T20:14:59.65805215Z	16951	0																			
340	2026-09-24T20:14:59.707903558Z	17001	0																			
341	2026-09-24T20:14:59.757634633Z	17051	0																			
342	2026-09-24T20:14:59.807475808Z	17101	0																			
343	2026-09-24T20:14:59.85729846Z	17150	0																			
344	2026-09-24T20:14:59.90814128Z	17201	0																			
345	2026-09-24T20:14:59.957992698Z	17251	0																			
346	2026-09-24T20:15:00.007846356Z	17301	0																			
347	2026-09-24T20:15:00.05803217Z	17351	0																			
348	2026-09-24T20:15:00.10779132Z	17401	0																			
349	2026-09-24T20:15:00.157562442Z	17451	0																			
350	2026-09-24T20:15:00.207401433Z	17500	0																			
351	2026-09-24T20:15:00.257248285Z	17550	0																			
352	2026-09-24T20:15:00.308113491Z	17601	0																			
353	2026-09-24T20:15:00.357950548Z	17651	0																			
354	2026-09-24T20:15:00.407780489Z	17701	0																			
355	2026-09-24T20:15:00.457629638Z	17751	0																			
356	2026-09-24T20:15:00.507649582Z	17801	0																			
357	2026-09-24T20:15:00.557487664Z	17851	0																			
358	2026-09-24T20:15:00.607411066Z	17901	0																			
359	2026-09-24T20:15:00.657301773Z	17950	0																			
360	2026-09-24T20:15:00.708115815Z	18001	0																			
361	2026-09-24T20:15:00.757876645Z	18051	0																			
362	2026-09-24T20:15:00.807714094Z	18101	0																			
363	2026-09-24T20:15:00.857567117Z	18151	0																			
364	2026-09-24T20:15:00.907396291Z	18200	0																			
365	2026-09-24T20:15:00.957233736Z	18250	0																			
366	2026-09-24T20:15:01.007980956Z	18301	0																			
367	2026-09-24T20:15:01.057723841Z	18351	0																			
368	2026-09-24T20:15:01.107571636Z	18401	0																			
369	2026-09-24T20:15:01.157478866Z	18451	0																			
370	2026-09-24T20:15:01.207284209Z	18500	0																			
371	2026-09-24T20:15:01.258136512Z	18551	0																			
372	2026-09-24T20:15:01.307898106Z	18601	0																			
373	2026-09-24T20:15:01.357643525Z	18651	0																			
374	2026-09-24T20:15:01.407549456Z	18701	0																			
375	2026-09-24T20:15:01.457324791Z	18750	0																			
376	2026-09-24T20:15:01.507101929Z	18800	0																			
377	2026-09-24T20:15:01.558018659Z	18851	0																			
378	2026-09-24T20:15:01.607797393Z	18901	0																			
379	2026-09-24T20:15:01.657695779Z	18951	0																			
380	2026-09-24T20:15:01.707540001Z	19001	0																			
381	2026-09-24T20:15:01.757376879Z	19050	0																			
382	2026-09-24T20:15:01.807128649Z	19100	0																			
383	2026-09-24T20:15:01.857962041Z	19151	0																			
384	2026-09-24T20:15:01.907787607Z	19201	0																			
385	2026-09-24T20:15:01.957629513Z	19251	0																			
386	2026-09-24T20:15:02.007460907Z	19301	0																			
387	2026-09-24T20:15:02.057301397Z	19350	0																			
388	2026-09-24T20:15:02.108110403Z	19401	0																			
389	2026-09-24T20:15:02.158040291Z	19451	0																			
390	2026-09-24T20:15:02.207900273Z	19501	0																			
391	2026-09-24T20:15:02.257677038Z	19551	0																			
392	2026-09-24T20:15:02.307476621Z	19601	0																			
393	2026-09-24T20:15:02.357314396Z	19650	0																			
394	2026-09-24T20:15:02.407098864Z	19700	0																			
395	2026-09-24T20:15:02.457887169Z	19751	0																			
396	2026-09-24T20:15:02.507650839Z	19801	0																			
397	2026-09-24T20:15:02.5575104Z	19851	0																			
398	2026-09-24T20:15:02.607318569Z	19900	0																			
399	2026-09-24T20:15:02.65712559Z	19950	0																			
400	2026-09-24T20:15:02.708009586Z	20001	0																			
401	2026-09-24T20:15:02.757940951Z	20051	0																			
402	2026-09-24T20:15:02.807713193Z	20101	0																			
403	2026-09-24T20:15:02.857520241Z	20151	0																			
404	2026-09-24T20:15:02.907303387Z	20200	0																			
405	2026-09-24T20:15:02.95813026Z	20251	0																			
406	2026-09-24T20:15:03.00791286Z	20301	0																			
407	2026-09-24T20:15:03.057794451Z	20351	0																			
408	2026-09-24T20:15:03.107598238Z	20401	0																			
409	2026-09-24T20:15:03.157335398Z	20450	0																			
410	2026-09-24T20:15:03.207094593Z	20500	0																			
411	2026-09-24T20:15:03.257944344Z	20551	0																			
412	2026-09-24T20:15:03.30777679Z	20601	0																			
413	2026-09-24T20:15:03.357545759Z	20651	0																			
414	2026-09-24T20:15:03.40732755Z	20700	0																			
415	2026-09-24T20:15:03.457088409Z	20750	0																			
416	2026-09-24T20:15:03.507948752Z	20801	0																			
417	2026-09-24T20:15:03.557785192Z	20851	0																			
418	2026-09-24T20:15:03.60767379Z	20901	0																			
419	2026-09-24T20:15:03.657585944Z	20951	0																			
420	2026-09-24T20:15:03.7073972Z	21000	0																			
421	2026-09-24T20:15:03.757236511Z	21050	0																			
422	2026-09-24T20:15:03.808104936Z	21101	0																			
423	2026-09-24T20:15:03.857992413Z	21151	0																			
424	2026-09-24T20:15:03.907800998Z	21201	0																			
425	2026-09-24T20:15:03.957558934Z	21251	0																			
426	2026-09-24T20:15:04.007550895Z	21301	0																			
427	2026-09-24T20:15:04.057319556Z	21350	0																			
428	2026-09-24T20:15:04.108127043Z	21401	0																			
429	2026-09-24T20:15:04.157944287Z	21451	0																			
430	2026-09-24T20:15:04.2078502Z	21501	0																			
431	2026-09-24T20:15:04.257632539Z	21551	0																			
432	2026-09-24T20:15:04.307402587Z	21600	0																			
433	2026-09-24T20:15:04.357240071Z	21650	0																			
434	2026-09-24T20:15:04.408024231Z	21701	0																			
435	2026-09-24T20:15:04.457919805Z	21751	0																			
436	2026-09-24T20:15:04.507763984Z	21801	0																			
437	2026-09-24T20:15:04.557748441Z	21851	0																			
438	2026-09-24T20:15:04.607550517Z	21901	0																			
439	2026-09-24T20:15:04.657384879Z	21950	0																			
440	2026-09-24T20:15:04.707147476Z	22000	0																			
441	2026-09-24T20:15:04.75799564Z	22051	0																			
442	2026-09-24T20:15:04.807786213Z	22101	0																			
443	2026-09-24T20:15:04.857612857Z	22151	0																			
444	2026-09-24T20:15:04.907390233Z	22200	0																			
445	2026-09-24T20:15:04.957232902Z	22250	0																			
446	2026-09-24T20:15:05.008120381Z	22301	0																			
447	2026-09-24T20:15:05.057952078Z	22351	0																			
448	2026-09-24T20:15:05.107814686Z	22401	0																			
449	2026-09-24T20:15:05.157552033Z	22451	0																			
450	2026-09-24T20:15:05.20739797Z	22500	0																			
451	2026-09-24T20:15:05.257240605Z	22550	0																			
452	2026-09-24T20:15:05.308028132Z	22601	0																			
453	2026-09-24T20:15:05.3577952Z	22651	0																			
454	2026-09-24T20:15:05.407699587Z	22701	0																			
455	2026-09-24T20:15:05.457539372Z	22751	0																			
456	2026-09-24T20:15:05.507396706Z	22800	0																			
457	2026-09-24T20:15:05.557241001Z	22850	0																			
458	2026-09-24T20:15:05.608030737Z	22901	0																			
459	2026-09-24T20:15:05.657854974Z	22951	0																			
460	2026-09-24T20:15:05.707709674Z	23001	0																			
461	2026-09-24T20:15:05.757535845Z	23051	0																			
462	2026-09-24T20:15:05.807395363Z	23100	0																			
463	2026-09-24T20:15:05.857151923Z	23150	0																			
464	2026-09-24T20:15:05.907900966Z	23201	0																			
465	2026-09-24T20:15:05.957690307Z	23251	0																			
466	2026-09-24T20:15:06.007532699Z	23301	0																			
467	2026-09-24T20:15:06.057363965Z	23350	0																			
468	2026-09-24T20:15:06.107091207Z	23400	0																			
469	2026-09-24T20:15:06.157869314Z	23451	0																			
470	2026-09-24T20:15:06.207693864Z	23501	0																			
471	2026-09-24T20:15:06.257483202Z	23551	0																			
472	2026-09-24T20:15:06.307240491Z	23600	0																			
473	2026-09-24T20:15:06.358086905Z	23651	0																			
474	2026-09-24T20:15:06.407899921Z	23701	0																			
475	2026-09-24T20:15:06.457651338Z	23751	0																			
476	2026-09-24T20:15:06.507492445Z	23801	0																			
477	2026-09-24T20:15:06.557576456Z	23851	0																			
478	2026-09-24T20:15:06.607306066Z	23900	0																			
479	2026-09-24T20:15:06.65804549Z	23951	0																			
480	2026-09-24T20:15:06.707806253Z	24001	0																			
481	2026-09-24T20:15:06.757482394Z	24051	0																			
482	2026-09-24T20:15:06.807293845Z	24100	0																			
483	2026-09-24T20:15:06.858107237Z	24151	0																			
484	2026-09-24T20:15:06.907901654Z	24201	0																			
485	2026-09-24T20:15:06.957836292Z	24251	0																			
486	2026-09-24T20:15:07.007622582Z	24301	0																			
487	2026-09-24T20:15:07.057957066Z	24351	0																			
488	2026-09-24T20:15:07.107833401Z	24401	0																			
489	2026-09-24T20:15:07.157644923Z	24451	0																			
490	2026-09-24T20:15:07.207464187Z	24501	0																			
491	2026-09-24T20:15:07.257321186Z	24550	0																			
492	2026-09-24T20:15:07.308143659Z	24601	0																			
493	2026-09-24T20:15:07.357923728Z	24651	0																			
494	2026-09-24T20:15:07.407723618Z	24701	0																			
495	2026-09-24T20:15:07.457484838Z	24751	0																			
496	2026-09-24T20:15:07.507297692Z	24800	0																			
497	2026-09-24T20:15:07.558130805Z	24851	0																			
498	2026-09-24T20:15:07.607996644Z	24901	0																			
499	2026-09-24T20:15:07.657869587Z	24951	0																			
500	2026-09-24T20:15:07.707690095Z	25001	0																			
501	2026-09-24T20:15:07.757541042Z	25051	0																			
502	2026-09-24T20:15:07.807322556Z	25100	0																			
503	2026-09-24T20:15:07.857127366Z	25150	0																			
504	2026-09-24T20:15:07.907899157Z	25201	0																			
505	2026-09-24T20:15:07.957714421Z	25251	0																			
506	2026-09-24T20:15:08.007481186Z	25301	0																			
507	2026-09-24T20:15:08.057341607Z	25350	0																			
508	2026-09-24T20:15:08.107093512Z	25400	0																			
509	2026-09-24T20:15:08.157880044Z	25451	0																			
510	2026-09-24T20:15:08.207691016Z	25501	0																			
511	2026-09-24T20:15:08.257501811Z	25551	0																			
512	2026-09-24T20:15:08.307315976Z	25600	0																			
513	2026-09-24T20:15:08.357107989Z	25650	0																			
514	2026-09-24T20:15:08.407969642Z	25701	0																			
515	2026-09-24T20:15:08.457800122Z	25751	0																			
516	2026-09-24T20:15:08.507720068Z	25801	0																			
517	2026-09-24T20:15:08.557554072Z	25851	0																			
518	2026-09-24T20:15:08.607389966Z	25900	0																			
519	2026-09-24T20:15:08.657122916Z	25950	0																			
520	2026-09-24T20:15:08.707957098Z	26001	0																			
521	2026-09-24T20:15:08.757709316Z	26051	0																			
522	2026-09-24T20:15:08.807476372Z	26101	0																			
523	2026-09-24T20:15:08.857302652Z	26150	0																			
524	2026-09-24T20:15:08.908126678Z	26201	0																			
525	2026-09-24T20:15:08.95797677Z	26251	0																			
526	2026-09-24T20:15:09.007856479Z	26301	0																			
527	2026-09-24T20:15:09.057592361Z	26351	0																			
528	2026-09-24T20:15:09.107410852Z	26401	0																			
529	2026-09-24T20:15:09.157403042Z	26450	0																			
530	2026-09-24T20:15:09.207122452Z	26500	0																			
531	2026-09-24T20:15:09.257949779Z	26551	0																			
532	2026-09-24T20:15:09.30777737Z	26601	0																			
533	2026-09-24T20:15:09.357552889Z	26651	0																			
534	2026-09-24T20:15:09.407394715Z	26700	0																			
535	2026-09-24T20:15:09.457139774Z	26750	0																			
536	2026-09-24T20:15:09.507977667Z	26801	0																			
537	2026-09-24T20:15:09.557722786Z	26851	0																			
538	2026-09-24T20:15:09.607790932Z	26901	0																			
539	2026-09-24T20:15:09.657633484Z	26951	0																			
540	2026-09-24T20:15:09.707472233Z	27001	0																			
541	2026-09-24T20:15:09.757317079Z	27050	0																			
542	2026-09-24T20:15:09.807157322Z	27100	0																			
543	2026-09-24T20:15:09.857862886Z	27151	0																			
544	2026-09-24T20:15:09.907683382Z	27201	0																			
545	2026-09-24T20:15:09.957472069Z	27251	0																			
546	2026-09-24T20:15:10.007142949Z	27300	0																			
547	2026-09-24T20:15:10.05787109Z	27351	0																			
548	2026-09-24T20:15:10.107723302Z	27401	0																			
549	2026-09-24T20:15:10.157622558Z	27451	0																			
550	2026-09-24T20:15:10.207373484Z	27500	0																			
551	2026-09-24T20:15:10.258152006Z	27551	0																			
552	2026-09-24T20:15:10.308015586Z	27601	0																			
553	2026-09-24T20:15:10.357798474Z	27651	0																			
554	2026-09-24T20:15:10.407637948Z	27701	0																			
555	2026-09-24T20:15:10.457533874Z	27751	0																			
556	2026-09-24T20:15:10.507468019Z	27801	0																			
557	2026-09-24T20:15:10.557478082Z	27851	0																			
558	2026-09-24T20:15:10.607395848Z	27900	0																			
559	2026-09-24T20:15:10.657265383Z	27950	0																			
560	2026-09-24T20:15:10.708027365Z	28001	0																			
561	2026-09-24T20:15:10.757864972Z	28051	0																			
562	2026-09-24T20:15:10.80762156Z	28101	0																			
563	2026-09-24T20:15:10.857391854Z	28150	0																			
564	2026-09-24T20:15:10.907153474Z	28200	0																			
565	2026-09-24T20:15:10.957936247Z	28251	0																			
566	2026-09-24T20:15:11.007844982Z	28301	0																			
567	2026-09-24T20:15:11.057725723Z	28351	0																			
568	2026-09-24T20:15:11.107787385Z	28401	0																			
569	2026-09-24T20:15:11.157561546Z	28451	0																			
570	2026-09-24T20:15:11.207549922Z	28501	0																			
571	2026-09-24T20:15:11.257316128Z	28550	0																			
572	2026-09-24T20:15:11.308146772Z	28601	0																			
573	2026-09-24T20:15:11.357928641Z	28651	0																			
574	2026-09-24T20:15:11.407714088Z	28701	0																			
575	2026-09-24T20:15:11.457551256Z	28751	0																			
576	2026-09-24T20:15:11.507374046Z	28800	0																			
577	2026-09-24T20:15:11.557374901Z	28850	0																			
578	2026-09-24T20:15:11.607238769Z	28900	0																			
579	2026-09-24T20:15:11.658009586Z	28951	0																			
580	2026-09-24T20:15:11.707794782Z	29001	0																			
581	2026-09-24T20:15:11.757612222Z	29051	0																			
582	2026-09-24T20:15:11.807394026Z	29100	0																			
583	2026-09-24T20:15:11.857114794Z	29150	0																			
584	2026-09-24T20:15:11.907855429Z	29201	0																			
585	2026-09-24T20:15:11.957639458Z	29251	0																			
586	2026-09-24T20:15:12.007624511Z	29301	0																			
587	2026-09-24T20:15:12.05756351Z	29351	0																			
588	2026-09-24T20:15:12.107426281Z	29401	0																			
589	2026-09-24T20:15:12.157237623Z	29450	0																			
590	2026-09-24T20:15:12.207099046Z	29500	0																			
591	2026-09-24T20:15:12.25798622Z	29551	0																			
592	2026-09-24T20:15:12.307793443Z	29601	0																			
593	2026-09-24T20:15:12.357594215Z	29651	0																			
594	2026-09-24T20:15:12.407398197Z	29700	0																			
595	2026-09-24T20:15:12.457513512Z	29751	0																			
596	2026-09-24T20:15:12.50735726Z	29800	0																			
597	2026-09-24T20:15:12.557452726Z	29851	0																			
598	2026-09-24T20:15:12.607524363Z	29901	0																			
599	2026-09-24T20:15:12.657377222Z	29950	0																			
600	2026-09-24T20:15:12.708143107Z	30001	0																			
601	2026-09-24T20:15:12.75779487Z	30051	0																			
602	2026-09-24T20:15:12.807697988Z	30101	0																			
603	2026-09-24T20:15:12.857447317Z	30151	0																			
604	2026-09-24T20:15:12.908118541Z	30201	0																			
605	2026-09-24T20:15:12.957848976Z	30251	0																			
606	2026-09-24T20:15:13.00761855Z	30301	0																			
607	2026-09-24T20:15:13.057369986Z	30350	0																			
608	2026-09-24T20:15:13.108095984Z	30401	0																			
609	2026-09-24T20:15:13.15782575Z	30451	0																			
610	2026-09-24T20:15:13.207562381Z	30501	0																			
611	2026-09-24T20:15:13.257295339Z	30550	0																			
612	2026-09-24T20:15:13.307974237Z	30601	0																			
613	2026-09-24T20:15:13.357689149Z	30651	0																			
614	2026-09-24T20:15:13.407393907Z	30700	0																			
615	2026-09-24T20:15:13.458130763Z	30751	0																			
616	2026-09-24T20:15:13.507855223Z	30801	0																			
617	2026-09-24T20:15:13.557595054Z	30851	0																			
618	2026-09-24T20:15:13.607335095Z	30900	0																			
619	2026-09-24T20:15:13.657996374Z	30951	0																			
620	2026-09-24T20:15:13.707707469Z	31001	0																			
621	2026-09-24T20:15:13.757450121Z	31051	0																			
622	2026-09-24T20:15:13.808133704Z	31101	0																			
623	2026-09-24T20:15:13.857854099Z	31151	0																			
624	2026-09-24T20:15:13.907538725Z	31201	0																			
625	2026-09-24T20:15:13.957286085Z	31250	0																			
626	2026-09-24T20:15:14.007978987Z	31301	0																			
627	2026-09-24T20:15:14.057714606Z	31351	0																			
628	2026-09-24T20:15:14.107441487Z	31401	0																			
629	2026-09-24T20:15:14.157136109Z	31450	0																			
630	2026-09-24T20:15:14.207846976Z	31501	0																			
631	2026-09-24T20:15:14.257590592Z	31551	0																			
632	2026-09-24T20:15:14.307302703Z	31600	0																			
633	2026-09-24T20:15:14.357997342Z	31651	0																			
634	2026-09-24T20:15:14.407688886Z	31701	0																			
635	2026-09-24T20:15:14.457387517Z	31750	0																			
636	2026-09-24T20:15:14.50812694Z	31801	0																			
637	2026-09-24T20:15:14.557850919Z	31851	0																			
638	2026-09-24T20:15:14.607670869Z	31901	0																			
639	2026-09-24T20:15:14.657392124Z	31950	0																			
640	2026-09-24T20:15:14.708058617Z	32001	0																			
641	2026-09-24T20:15:14.757745687Z	32051	0																			
642	2026-09-24T20:15:14.807462055Z	32101	0																			
643	2026-09-24T20:15:14.857130315Z	32150	0																			
644	2026-09-24T20:15:14.907825549Z	32201	0																			
645	2026-09-24T20:15:14.957538909Z	32251	0																			
646	2026-09-24T20:15:15.007270868Z	32300	0																			
647	2026-09-24T20:15:15.058079074Z	32351	0																			
648	2026-09-24T20:15:15.107819213Z	32401	0																			
649	2026-09-24T20:15:15.157564519Z	32451	0																			
650	2026-09-24T20:15:15.207293094Z	32500	0																			
651	2026-09-24T20:15:15.257996331Z	32551	0																			
652	2026-09-24T20:15:15.30769635Z	32601	0																			
653	2026-09-24T20:15:15.357367211Z	32650	0																			
654	2026-09-24T20:15:15.408060459Z	32701	0																			
655	2026-09-24T20:15:15.45777017Z	32751	0																			
656	2026-09-24T20:15:15.507479528Z	32801	0																			
657	2026-09-24T20:15:15.557236264Z	32850	0																			
658	2026-09-24T20:15:15.607954749Z	32901	0																			
659	2026-09-24T20:15:15.657663466Z	32951	0																			
660	2026-09-24T20:15:15.707384214Z	33000	0																			
661	2026-09-24T20:15:15.75809051Z	33051	0																			
662	2026-09-24T20:15:15.807804307Z	33101	0																			
663	2026-09-24T20:15:15.857519962Z	33151	0																			
664	2026-09-24T20:15:15.907217692Z	33200	0																			
665	2026-09-24T20:15:15.957912796Z	33251	0																			
666	2026-09-24T20:15:16.00767984Z	33301	0																			
667	2026-09-24T20:15:16.057435944Z	33351	0																			
668	2026-09-24T20:15:16.107088129Z	33400	0																			
669	2026-09-24T20:15:16.157828969Z	33451	0																			
670	2026-09-24T20:15:16.207546681Z	33501	0																			
671	2026-09-24T20:15:16.257299135Z	33550	0																			
672	2026-09-24T20:15:16.308023258Z	33601	0																			
673	2026-09-24T20:15:16.357750415Z	33651	0																			
674	2026-09-24T20:15:16.407402905Z	33700	0																			
675	2026-09-24T20:15:16.4570917Z	33750	0																			
676	2026-09-24T20:15:16.50777662Z	33801	0																			
677	2026-09-24T20:15:16.557515786Z	33851	0																			
678	2026-09-24T20:15:16.607310772Z	33900	0																			
679	2026-09-24T20:15:16.657994939Z	33951	0																			
680	2026-09-24T20:15:16.707703462Z	34001	0																			
681	2026-09-24T20:15:16.757348212Z	34050	0																			
682	2026-09-24T20:15:16.808059095Z	34101	0																			
683	2026-09-24T20:15:16.857715544Z	34151	0																			
684	2026-09-24T20:15:16.907432008Z	34201	0																			
685	2026-09-24T20:15:16.958149127Z	34251	0																			
686	2026-09-24T20:15:17.007893303Z	34301	0																			
687	2026-09-24T20:15:17.0575923Z	34351	0																			
688	2026-09-24T20:15:17.107315653Z	34400	0																			
689	2026-09-24T20:15:17.158029756Z	34451	0																			
690	2026-09-24T20:15:17.207749571Z	34501	0																			
691	2026-09-24T20:15:17.257459489Z	34551	0																			
692	2026-09-24T20:15:17.307116635Z	34600	0																			
693	2026-09-24T20:15:17.357801609Z	34651	0																			
694	2026-09-24T20:15:17.407536967Z	34701	0																			
695	2026-09-24T20:15:17.457232221Z	34750	0																			
696	2026-09-24T20:15:17.507896239Z	34801	0																			
697	2026-09-24T20:15:17.557588814Z	34851	0																			
698	2026-09-24T20:15:17.60728227Z	34900	0																			
699	2026-09-24T20:15:17.657984102Z	34951	0																			
700	2026-09-24T20:15:17.707685375Z	35001	0																			
701	2026-09-24T20:15:17.75738378Z	35050	0																			
702	2026-09-24T20:15:17.808069345Z	35101	0																			
703	2026-09-24T20:15:17.857801687Z	35151	0																			
704	2026-09-24T20:15:17.907534723Z	35201	0																			
705	2026-09-24T20:15:17.957230451Z	35250	0																			
706	2026-09-24T20:15:18.007902337Z	35301	0																			
707	2026-09-24T20:15:18.057568886Z	35351	0																			
708	2026-09-24T20:15:18.107311177Z	35400	0																			
709	2026-09-24T20:15:18.157996663Z	35451	0																			
710	2026-09-24T20:15:18.207697774Z	35501	0																			
711	2026-09-24T20:15:18.257412969Z	35551	0																			
712	2026-09-24T20:15:18.307094078Z	35600	0																			
713	2026-09-24T20:15:18.357772392Z	35651	0																			
714	2026-09-24T20:15:18.407530204Z	35701	0																			
715	2026-09-24T20:15:18.45722998Z	35750	0																			
716	2026-09-24T20:15:18.507898862Z	35801	0																			
717	2026-09-24T20:15:18.557612531Z	35851	0																			
718	2026-09-24T20:15:18.607449026Z	35901	0																			
719	2026-09-24T20:15:18.657141637Z	35950	0																			
720	2026-09-24T20:15:18.707881902Z	36001	0																			
721	2026-09-24T20:15:18.757615474Z	36051	0																			
722	2026-09-24T20:15:18.807348314Z	36100	0																			
723	2026-09-24T20:15:18.858077025Z	36151	0																			
724	2026-09-24T20:15:18.907766354Z	36201	0																			
725	2026-09-24T20:15:18.957524281Z	36251	0																			
726	2026-09-24T20:15:19.007315942Z	36300	0																			
727	2026-09-24T20:15:19.057149731Z	36350	0																			
728	2026-09-24T20:15:19.107896513Z	36401	0																			
729	2026-09-24T20:15:19.157564307Z	36451	0																			
730	2026-09-24T20:15:19.207231479Z	36500	0																			
731	2026-09-24T20:15:19.257920872Z	36551	0																			
732	2026-09-24T20:15:19.307612172Z	36601	0																			
733	2026-09-24T20:15:19.357361203Z	36650	0																			
734	2026-09-24T20:15:19.40806276Z	36701	0																			
735	2026-09-24T20:15:19.457794745Z	36751	0																			
736	2026-09-24T20:15:19.5075459Z	36801	0																			
737	2026-09-24T20:15:19.557256739Z	36850	0																			
738	2026-09-24T20:15:19.608028139Z	36901	0																			
739	2026-09-24T20:15:19.657798121Z	36951	0																			
740	2026-09-24T20:15:19.707542615Z	37001	0																			
741	2026-09-24T20:15:19.757236614Z	37050	0																			
742	2026-09-24T20:15:19.807897501Z	37101	0																			
743	2026-09-24T20:15:19.85759998Z	37151	0																			
744	2026-09-24T20:15:19.907322224Z	37200	0																			
745	2026-09-24T20:15:19.958035967Z	37251	0																			
746	2026-09-24T20:15:20.007778087Z	37301	0																			
747	2026-09-24T20:15:20.057539047Z	37351	0																			
748	2026-09-24T20:15:20.107254815Z	37400	0																			
749	2026-09-24T20:15:20.157995932Z	37451	0																			
750	2026-09-24T20:15:20.207721471Z	37501	0																			
751	2026-09-24T20:15:20.257412853Z	37551	0																			
752	2026-09-24T20:15:20.308129386Z	37601	0																			
753	2026-09-24T20:15:20.357832599Z	37651	0																			
754	2026-09-24T20:15:20.407514139Z	37701	0																			
755	2026-09-24T20:15:20.457230221Z	37750	0																			
756	2026-09-24T20:15:20.507905123Z	37801	0																			
757	2026-09-24T20:15:20.557731217Z	37851	0																			
758	2026-09-24T20:15:20.607511121Z	37901	0																			
759	2026-09-24T20:15:20.657283365Z	37950	0																			
760	2026-09-24T20:15:20.707977289Z	38001	0																			
761	2026-09-24T20:15:20.757577789Z	38051	0																			
762	2026-09-24T20:15:20.807297298Z	38100	0																			
763	2026-09-24T20:15:20.857994953Z	38151	0																			
764	2026-09-24T20:15:20.907686247Z	38201	0																			
765	2026-09-24T20:15:20.957384689Z	38250	0																			
766	2026-09-24T20:15:21.00721644Z	38300	0																			
767	2026-09-24T20:15:21.058015466Z	38351	0																			
768	2026-09-24T20:15:21.107774933Z	38401	0																			
769	2026-09-24T20:15:21.157557276Z	38451	0																			
770	2026-09-24T20:15:21.207307438Z	38500	0																			
771	2026-09-24T20:15:21.258030821Z	38551	0																			
772	2026-09-24T20:15:21.307740536Z	38601	0																			
773	2026-09-24T20:15:21.357459827Z	38651	0																			
774	2026-09-24T20:15:21.408135091Z	38701	0																			
775	2026-09-24T20:15:21.457845462Z	38751	0																			
776	2026-09-24T20:15:21.50754567Z	38801	0																			
777	2026-09-24T20:15:21.55720897Z	38850	0																			
778	2026-09-24T20:15:21.6078427Z	38901	0																			
779	2026-09-24T20:15:21.657533442Z	38951	0																			
780	2026-09-24T20:15:21.707232526Z	39000	0																			
781	2026-09-24T20:15:21.75793082Z	39051	0																			
782	2026-09-24T20:15:21.807617135Z	39101	0																			
783	2026-09-24T20:15:21.857371662Z	39150	0																			
784	2026-09-24T20:15:21.908034017Z	39201	0																			
785	2026-09-24T20:15:21.957699336Z	39251	0																			
786	2026-09-24T20:15:22.007359611Z	39300	0																			
787	2026-09-24T20:15:22.058083643Z	39351	0																			
788	2026-09-24T20:15:22.107758202Z	39401	0																			
789	2026-09-24T20:15:22.15745772Z	39451	0																			
790	2026-09-24T20:15:22.207103058Z	39500	0																			
791	2026-09-24T20:15:22.257770057Z	39551	0																			
792	2026-09-24T20:15:22.307459533Z	39601	0																			
793	2026-09-24T20:15:22.357128633Z	39650	0																			
794	2026-09-24T20:15:22.407840966Z	39701	0																			
795	2026-09-24T20:15:22.457541462Z	39751	0																			
796	2026-09-24T20:15:22.507305291Z	39800	0																			
797	2026-09-24T20:15:22.558016203Z	39851	0																			
798	2026-09-24T20:15:22.60781651Z	39901	0																			
799	2026-09-24T20:15:22.657476397Z	39951	0																			
800	2026-09-24T20:15:22.707135122Z	40000	0																			
801	2026-09-24T20:15:22.757967898Z	40051	0																			
802	2026-09-24T20:15:22.807676272Z	40101	0																			
803	2026-09-24T20:15:22.857358132Z	40150	0																			
804	2026-09-24T20:15:22.908050792Z	40201	0																			
805	2026-09-24T20:15:22.957757673Z	40251	0																			
806	2026-09-24T20:15:23.007525152Z	40301	0																			
807	2026-09-24T20:15:23.057321573Z	40350	0																			
808	2026-09-24T20:15:23.108049809Z	40401	0																			
809	2026-09-24T20:15:23.157748159Z	40451	0																			
810	2026-09-24T20:15:23.207463821Z	40501	0																			
811	2026-09-24T20:15:23.257134277Z	40550	0																			
812	2026-09-24T20:15:23.307765188Z	40601	0																			
813	2026-09-24T20:15:23.357461001Z	40651	0																			
814	2026-09-24T20:15:23.40710212Z	40700	0																			
815	2026-09-24T20:15:23.457808404Z	40751	0																			
816	2026-09-24T20:15:23.507523653Z	40801	0																			
817	2026-09-24T20:15:23.557227397Z	40850	0																			
818	2026-09-24T20:15:23.607882263Z	40901	0																			
819	2026-09-24T20:15:23.657533949Z	40951	0																			
820	2026-09-24T20:15:23.70714929Z	41000	0																			
821	2026-09-24T20:15:23.757840231Z	41051	0																			
822	2026-09-24T20:15:23.807463549Z	41101	0																			
823	2026-09-24T20:15:23.857142867Z	41150	0																			
824	2026-09-24T20:15:23.907846987Z	41201	0																			
825	2026-09-24T20:15:23.957539441Z	41251	0																			
826	2026-09-24T20:15:24.007261428Z	41300	0																			
827	2026-09-24T20:15:24.057920561Z	41351	0																			
828	2026-09-24T20:15:24.107610816Z	41401	0																			
829	2026-09-24T20:15:24.157274045Z	41450	0																			
830	2026-09-24T20:15:24.207977102Z	41501	0																			
831	2026-09-24T20:15:24.257689866Z	41551	0																			
832	2026-09-24T20:15:24.30737981Z	41600	0																			
833	2026-09-24T20:15:24.358072711Z	41651	0																			
834	2026-09-24T20:15:24.407733582Z	41701	0																			
835	2026-09-24T20:15:24.457434258Z	41751	0																			
836	2026-09-24T20:15:24.508049289Z	41801	0																			
837	2026-09-24T20:15:24.557691302Z	41851	0																			
838	2026-09-24T20:15:24.607381863Z	41900	0																			
839	2026-09-24T20:15:24.658072454Z	41951	0																			
840	2026-09-24T20:15:24.707778016Z	42001	0																			
841	2026-09-24T20:15:24.757439148Z	42051	0																			
842	2026-09-24T20:15:24.808126257Z	42101	0																			
843	2026-09-24T20:15:24.857770436Z	42151	0																			
844	2026-09-24T20:15:24.907461022Z	42201	0																			
845	2026-09-24T20:15:24.957132752Z	42250	0																			
846	2026-09-24T20:15:25.007896043Z	42301	0																			
847	2026-09-24T20:15:25.057617697Z	42351	0																			
848	2026-09-24T20:15:25.107365923Z	42400	0																			
849	2026-09-24T20:15:25.158077658Z	42451	0																			
850	2026-09-24T20:15:25.207803697Z	42501	0																			
851	2026-09-24T20:15:25.257539812Z	42551	0																			
852	2026-09-24T20:15:25.307232202Z	42600	0																			
853	2026-09-24T20:15:25.357923276Z	42651	0																			
854	2026-09-24T20:15:25.407617701Z	42701	0																			
855	2026-09-24T20:15:25.457302006Z	42750	0																			
856	2026-09-24T20:15:25.507969998Z	42801	0																			
857	2026-09-24T20:15:25.557662812Z	42851	0																			
858	2026-09-24T20:15:25.607378084Z	42900	0																			
859	2026-09-24T20:15:25.658115438Z	42951	0																			
860	2026-09-24T20:15:25.707897273Z	43001	0																			
861	2026-09-24T20:15:25.7576256Z	43051	0																			
862	2026-09-24T20:15:25.807273366Z	43100	0																			
863	2026-09-24T20:15:25.857989016Z	43151	0																			
864	2026-09-24T20:15:25.907684387Z	43201	0																			
865	2026-09-24T20:15:25.957377636Z	43250	0																			
866	2026-09-24T20:15:26.008112056Z	43301	0																			
867	2026-09-24T20:15:26.057816855Z	43351	0																			
868	2026-09-24T20:15:26.107564754Z	43401	0																			
869	2026-09-24T20:15:26.157231194Z	43450	0																			
870	2026-09-24T20:15:26.207889229Z	43501	0																			
871	2026-09-24T20:15:26.257590768Z	43551	0																			
872	2026-09-24T20:15:26.307242341Z	43600	0																			
873	2026-09-24T20:15:26.357922924Z	43651	0																			
874	2026-09-24T20:15:26.407594846Z	43701	0																			
875	2026-09-24T20:15:26.457303129Z	43750	0																			
876	2026-09-24T20:15:26.507976429Z	43801	0																			
877	2026-09-24T20:15:26.557660224Z	43851	0																			
878	2026-09-24T20:15:26.607370819Z	43900	0																			
879	2026-09-24T20:15:26.65807225Z	43951	0																			
880	2026-09-24T20:15:26.70776892Z	44001	0																			
881	2026-09-24T20:15:26.757444297Z	44051	0																			
882	2026-09-24T20:15:26.808127762Z	44101	0																			
883	2026-09-24T20:15:26.857771845Z	44151	0																			
884	2026-09-24T20:15:26.907463403Z	44201	0																			
885	2026-09-24T20:15:26.957123448Z	44250	0																			
886	2026-09-24T20:15:27.007913403Z	44301	0																			
887	2026-09-24T20:15:27.057617916Z	44351	0																			
888	2026-09-24T20:15:27.107344521Z	44400	0																			
889	2026-09-24T20:15:27.158047469Z	44451	0																			
890	2026-09-24T20:15:27.207696022Z	44501	0																			
891	2026-09-24T20:15:27.257381812Z	44550	0																			
892	2026-09-24T20:15:27.308035927Z	44601	0																			
893	2026-09-24T20:15:27.357613795Z	44651	0																			
894	2026-09-24T20:15:27.407303997Z	44700	0																			
895	2026-09-24T20:15:27.458002734Z	44751	0																			
896	2026-09-24T20:15:27.507694344Z	44801	0																			
897	2026-09-24T20:15:27.557457178Z	44851	0																			
898	2026-09-24T20:15:27.608071911Z	44901	0																			
899	2026-09-24T20:15:27.657828433Z	44951	0																			
900	2026-09-24T20:15:27.707555523Z	45001	0																			
901	2026-09-24T20:15:27.757279512Z	45050	0																			
902	2026-09-24T20:15:27.807947777Z	45101	0																			
903	2026-09-24T20:15:27.857662711Z	45151	0																			
904	2026-09-24T20:15:27.907369283Z	45200	0																			
905	2026-09-24T20:15:27.958080879Z	45251	0																			
906	2026-09-24T20:15:28.007810816Z	45301	0																			
907	2026-09-24T20:15:28.057542979Z	45351	0																			
908	2026-09-24T20:15:28.107229818Z	45400	0																			
909	2026-09-24T20:15:28.157917509Z	45451	0																			
910	2026-09-24T20:15:28.207612075Z	45501	0																			
911	2026-09-24T20:15:28.257304946Z	45550	0																			
912	2026-09-24T20:15:28.307973814Z	45601	0																			
913	2026-09-24T20:15:28.357648826Z	45651	0																			
914	2026-09-24T20:15:28.407387588Z	45700	0																			
915	2026-09-24T20:15:28.458081189Z	45751	0																			
916	2026-09-24T20:15:28.507769872Z	45801	0																			
917	2026-09-24T20:15:28.557499353Z	45851	0																			
918	2026-09-24T20:15:28.607228925Z	45900	0																			
919	2026-09-24T20:15:28.657894294Z	45951	0																			
920	2026-09-24T20:15:28.707615054Z	46001	0																			
921	2026-09-24T20:15:28.757285047Z	46050	0																			
922	2026-09-24T20:15:28.807895734Z	46101	0																			
923	2026-09-24T20:15:28.857535129Z	46151	0																			
924	2026-09-24T20:15:28.907241211Z	46200	0																			
925	2026-09-24T20:15:28.957922352Z	46251	0																			
926	2026-09-24T20:15:29.007619244Z	46301	0																			
927	2026-09-24T20:15:29.05738635Z	46350	0																			
928	2026-09-24T20:15:29.108093764Z	46401	0																			
929	2026-09-24T20:15:29.157824149Z	46451	0																			
930	2026-09-24T20:15:29.207530196Z	46501	0																			
931	2026-09-24T20:15:29.257227078Z	46550	0																			
932	2026-09-24T20:15:29.307895931Z	46601	0																			
933	2026-09-24T20:15:29.357612822Z	46651	0																			
934	2026-09-24T20:15:29.407308471Z	46700	0																			
935	2026-09-24T20:15:29.457991613Z	46751	0																			
936	2026-09-24T20:15:29.507680475Z	46801	0																			
937	2026-09-24T20:15:29.557393185Z	46850	0																			
938	2026-09-24T20:15:29.608026396Z	46901	0																			
939	2026-09-24T20:15:29.657763625Z	46951	0																			
940	2026-09-24T20:15:29.707500367Z	47001	0																			
941	2026-09-24T20:15:29.757260935Z	47050	0																			
942	2026-09-24T20:15:29.807997376Z	47101	0																			
943	2026-09-24T20:15:29.857743024Z	47151	0																			
944	2026-09-24T20:15:29.907537394Z	47201	0																			
945	2026-09-24T20:15:29.957295917Z	47250	0																			
946	2026-09-24T20:15:30.008057502Z	47301	0																			
947	2026-09-24T20:15:30.057843854Z	47351	0																			
948	2026-09-24T20:15:30.107625563Z	47401	0																			
949	2026-09-24T20:15:30.157360383Z	47450	0																			
950	2026-09-24T20:15:30.208052099Z	47501	0																			
951	2026-09-24T20:15:30.257769909Z	47551	0																			
952	2026-09-24T20:15:30.30748307Z	47601	0																			
953	2026-09-24T20:15:30.357133837Z	47650	0																			
954	2026-09-24T20:15:30.407822338Z	47701	0																			
955	2026-09-24T20:15:30.457444443Z	47751	0																			
956	2026-09-24T20:15:30.508120826Z	47801	0																			
957	2026-09-24T20:15:30.55777315Z	47851	0																			
958	2026-09-24T20:15:30.607458794Z	47901	0																			
959	2026-09-24T20:15:30.657108843Z	47950	0																			
960	2026-09-24T20:15:30.707846413Z	48001	0																			
961	2026-09-24T20:15:30.757535747Z	48051	0																			
962	2026-09-24T20:15:30.807249308Z	48100	0																			
963	2026-09-24T20:15:30.85797172Z	48151	0																			
964	2026-09-24T20:15:30.907623035Z	48201	0																			
965	2026-09-24T20:15:30.957313074Z	48250	0																			
966	2026-09-24T20:15:31.008041309Z	48301	0																			
967	2026-09-24T20:15:31.05784863Z	48351	0																			
968	2026-09-24T20:15:31.107553506Z	48401	0																			
969	2026-09-24T20:15:31.157359882Z	48450	0																			
970	2026-09-24T20:15:31.20712646Z	48500	0																			
971	2026-09-24T20:15:31.257867302Z	48551	0																			
972	2026-09-24T20:15:31.307599356Z	48601	0																			
973	2026-09-24T20:15:31.357331081Z	48650	0																			
974	2026-09-24T20:15:31.408036151Z	48701	0																			
975	2026-09-24T20:15:31.457686744Z	48751	0																			
976	2026-09-24T20:15:31.507440717Z	48801	0																			
977	2026-09-24T20:15:31.557147034Z	48850	0																			
978	2026-09-24T20:15:31.607851121Z	48901	0																			
979	2026-09-24T20:15:31.657537781Z	48951	0																			
980	2026-09-24T20:15:31.707303579Z	49000	0																			
981	2026-09-24T20:15:31.757921178Z	49051	0																			
982	2026-09-24T20:15:31.807644264Z	49101	0																			
983	2026-09-24T20:15:31.857310803Z	49150	0																			
984	2026-09-24T20:15:31.90789529Z	49201	0																			
985	2026-09-24T20:15:31.95759663Z	49251	0																			
986	2026-09-24T20:15:32.00732886Z	49300	0																			
987	2026-09-24T20:15:32.058074522Z	49351	0																			
988	2026-09-24T20:15:32.107789295Z	49401	0																			
989	2026-09-24T20:15:32.157456015Z	49451	0																			
990	2026-09-24T20:15:32.20813313Z	49501	0																			
991	2026-09-24T20:15:32.257822015Z	49551	0																			
992	2026-09-24T20:15:32.30753769Z	49601	0																			
993	2026-09-24T20:15:32.35725809Z	49650	0																			
994	2026-09-24T20:15:32.407954181Z	49701	0																			
995	2026-09-24T20:15:32.457632073Z	49751	0																			
996	2026-09-24T20:15:32.507328883Z	49800	0																			
997	2026-09-24T20:15:32.558023823Z	49851	0																			
998	2026-09-24T20:15:32.607685Z	49901	0																			
999	2026-09-24T20:15:32.657378176Z	49950	0																			
1000	2026-09-24T20:15:32.708060257Z	50001	0																			
1001	2026-09-24T20:15:32.7578518Z	50051	0																			
1002	2026-09-24T20:15:32.807460363Z	50101	0																			
1003	2026-09-24T20:15:32.857108294Z	50150	0																			
1004	2026-09-24T20:15:32.907807106Z	50201	0																			
1005	2026-09-24T20:15:32.957513019Z	50251	0																			
1006	2026-09-24T20:15:33.007231644Z	50300	0																			
1007	2026-09-24T20:15:33.057882116Z	50351	0																			
1008	2026-09-24T20:15:33.10760483Z	50401	0																			
1009	2026-09-24T20:15:33.157307603Z	50450	0																			
1010	2026-09-24T20:15:33.20797843Z	50501	0																			
1011	2026-09-24T20:15:33.257685014Z	50551	0																			
1012	2026-09-24T20:15:33.307384888Z	50600	0																			
1013	2026-09-24T20:15:33.358074859Z	50651	0																			
1014	2026-09-24T20:15:33.407779333Z	50701	0																			
1015	2026-09-24T20:15:33.45751536Z	50751	0																			
1016	2026-09-24T20:15:33.507231302Z	50800	0																			
1017	2026-09-24T20:15:33.557999591Z	50851	0																			
1018	2026-09-24T20:15:33.607730724Z	50901	0																			
1019	2026-09-24T20:15:33.657432237Z	50951	0																			
1020	2026-09-24T20:15:33.708103031Z	51001	0																			
1021	2026-09-24T20:15:33.757776321Z	51051	0																			
1022	2026-09-24T20:15:33.807385385Z	51100	0																			
1023	2026-09-24T20:15:33.857995445Z	51151	0																			
1024	2026-09-24T20:15:33.907678723Z	51201	0																			
1025	2026-09-24T20:15:33.957390229Z	51250	0																			
1026	2026-09-24T20:15:34.008143247Z	51301	0																			
1027	2026-09-24T20:15:34.057870873Z	51351	0																			
1028	2026-09-24T20:15:34.107589891Z	51401	0																			
1029	2026-09-24T20:15:34.15730617Z	51450	0																			
1030	2026-09-24T20:15:34.207979562Z	51501	0																			
1031	2026-09-24T20:15:34.257643876Z	51551	0																			
1032	2026-09-24T20:15:34.30734677Z	51600	0																			
1033	2026-09-24T20:15:34.358070869Z	51651	0																			
1034	2026-09-24T20:15:34.407770027Z	51701	0																			
1035	2026-09-24T20:15:34.457456932Z	51751	0																			
1036	2026-09-24T20:15:34.508142508Z	51801	0																			
1037	2026-09-24T20:15:34.557845687Z	51851	0																			
1038	2026-09-24T20:15:34.607537026Z	51901	0																			
1039	2026-09-24T20:15:34.657259498Z	51950	0																			
1040	2026-09-24T20:15:34.707957096Z	52001	0																			
1041	2026-09-24T20:15:34.757696037Z	52051	0																			
1042	2026-09-24T20:15:34.807409373Z	52101	0																			
1043	2026-09-24T20:15:34.858133453Z	52151	0																			
1044	2026-09-24T20:15:34.907833307Z	52201	0																			
1045	2026-09-24T20:15:34.957521897Z	52251	0																			
1046	2026-09-24T20:15:35.007254357Z	52300	0																			
1047	2026-09-24T20:15:35.057990818Z	52351	0																			
1048	2026-09-24T20:15:35.107706563Z	52401	0																			
1049	2026-09-24T20:15:35.157383387Z	52450	0																			
1050	2026-09-24T20:15:35.20805292Z	52501	0																			
1051	2026-09-24T20:15:35.257691412Z	52551	0																			
1052	2026-09-24T20:15:35.307391428Z	52600	0																			
1053	2026-09-24T20:15:35.358073046Z	52651	0																			
1054	2026-09-24T20:15:35.407777796Z	52701	0																			
1055	2026-09-24T20:15:35.457460084Z	52751	0																			
1056	2026-09-24T20:15:35.507102348Z	52800	0																			
1057	2026-09-24T20:15:35.557845684Z	52851	0																			
1058	2026-09-24T20:15:35.607597854Z	52901	0																			
1059	2026-09-24T20:15:35.65730602Z	52950	0																			
1060	2026-09-24T20:15:35.707996468Z	53001	0																			
1061	2026-09-24T20:15:35.757712076Z	53051	0																			
1062	2026-09-24T20:15:35.807401168Z	53100	0																			
1063	2026-09-24T20:15:35.858125771Z	53151	0																			
1064	2026-09-24T20:15:35.907838408Z	53201	0																			
1065	2026-09-24T20:15:35.957540986Z	53251	0																			
1066	2026-09-24T20:15:36.007315413Z	53300	0																			
1067	2026-09-24T20:15:36.05805484Z	53351	0																			
1068	2026-09-24T20:15:36.107757793Z	53401	0																			
1069	2026-09-24T20:15:36.157462217Z	53451	0																			
1070	2026-09-24T20:15:36.207084038Z	53500	0																			
1071	2026-09-24T20:15:36.257787123Z	53551	0																			
1072	2026-09-24T20:15:36.307488414Z	53601	0																			
1073	2026-09-24T20:15:36.357146888Z	53650	0																			
1074	2026-09-24T20:15:36.407820605Z	53701	0																			
1075	2026-09-24T20:15:36.457468239Z	53751	0																			
1076	2026-09-24T20:15:36.507114611Z	53800	0																			
1077	2026-09-24T20:15:36.557858279Z	53851	0																			
1078	2026-09-24T20:15:36.607521337Z	53901	0																			
1079	2026-09-24T20:15:36.657122951Z	53950	0																			
1080	2026-09-24T20:15:36.707844343Z	54001	0																			
1081	2026-09-24T20:15:36.757521906Z	54051	0																			
1082	2026-09-24T20:15:36.80723106Z	54100	0																			
1083	2026-09-24T20:15:36.857918837Z	54151	0																			
1084	2026-09-24T20:15:36.907615012Z	54201	0																			
1085	2026-09-24T20:15:36.957306541Z	54250	0																			
1086	2026-09-24T20:15:37.008059249Z	54301	0																			
1087	2026-09-24T20:15:37.057162126Z	54350	0																			
1088	2026-09-24T20:15:37.107896808Z	54401	0																			
1089	2026-09-24T20:15:37.157573645Z	54451	0																			
1090	2026-09-24T20:15:37.207319205Z	54500	0																			
1091	2026-09-24T20:15:37.258090522Z	54551	0																			
1092	2026-09-24T20:15:37.307768772Z	54601	0																			
1093	2026-09-24T20:15:37.357456818Z	54651	0																			
1094	2026-09-24T20:15:37.408125477Z	54701	0																			
1095	2026-09-24T20:15:37.45782067Z	54751	0																			
1096	2026-09-24T20:15:37.507540424Z	54801	0																			
1097	2026-09-24T20:15:37.557295283Z	54850	0																			
1098	2026-09-24T20:15:37.608026799Z	54901	0																			
1099	2026-09-24T20:15:37.65774258Z	54951	0																			
1100	2026-09-24T20:15:37.707400383Z	55000	0																			
1101	2026-09-24T20:15:37.758073439Z	55051	0																			
1102	2026-09-24T20:15:37.807775844Z	55101	0																			
1103	2026-09-24T20:15:37.85747453Z	55151	0																			
1104	2026-09-24T20:15:37.907113222Z	55200	0																			
1105	2026-09-24T20:15:37.957773317Z	55251	0																			
1106	2026-09-24T20:15:38.007502448Z	55301	0																			
1107	2026-09-24T20:15:38.057336008Z	55350	0																			
1108	2026-09-24T20:15:38.108071063Z	55401	0																			
1109	2026-09-24T20:15:38.157786113Z	55451	0																			
1110	2026-09-24T20:15:38.207459104Z	55501	0																			
1111	2026-09-24T20:15:38.257093675Z	55550	0																			
1112	2026-09-24T20:15:38.307791233Z	55601	0																			
1113	2026-09-24T20:15:38.357504983Z	55651	0																			
1114	2026-09-24T20:15:38.407152913Z	55700	0																			
1115	2026-09-24T20:15:38.457842995Z	55751	0																			
1116	2026-09-24T20:15:38.507587873Z	55801	0																			
1117	2026-09-24T20:15:38.557288062Z	55850	0																			
1118	2026-09-24T20:15:38.607974458Z	55901	0																			
1119	2026-09-24T20:15:38.657739453Z	55951	0																			
1120	2026-09-24T20:15:38.707437302Z	56001	0																			
1121	2026-09-24T20:15:38.758133922Z	56051	0																			
1122	2026-09-24T20:15:38.807832044Z	56101	0																			
1123	2026-09-24T20:15:38.85753299Z	56151	0																			
1124	2026-09-24T20:15:38.907146458Z	56200	0																			
1125	2026-09-24T20:15:38.957852651Z	56251	0																			
1126	2026-09-24T20:15:39.007570679Z	56301	0																			
1127	2026-09-24T20:15:39.057390808Z	56350	0																			
1128	2026-09-24T20:15:39.108089031Z	56401	0																			
1129	2026-09-24T20:15:39.157826675Z	56451	0																			
1130	2026-09-24T20:15:39.207523365Z	56501	0																			
1131	2026-09-24T20:15:39.257261286Z	56550	0																			
1132	2026-09-24T20:15:39.307975665Z	56601	0																			
1133	2026-09-24T20:15:39.357661396Z	56651	0																			
1134	2026-09-24T20:15:39.407304836Z	56700	0																			
1135	2026-09-24T20:15:39.458033899Z	56751	0																			
1136	2026-09-24T20:15:39.507747235Z	56801	0																			
1137	2026-09-24T20:15:39.557529927Z	56851	0																			
1138	2026-09-24T20:15:39.607232092Z	56900	0																			
1139	2026-09-24T20:15:39.657918761Z	56951	0																			
1140	2026-09-24T20:15:39.707607214Z	57001	0																			
1141	2026-09-24T20:15:39.757227531Z	57050	0																			
1142	2026-09-24T20:15:39.807826202Z	57101	0																			
1143	2026-09-24T20:15:39.857482845Z	57151	0																			
1144	2026-09-24T20:15:39.907101608Z	57200	0																			
1145	2026-09-24T20:15:39.957770156Z	57251	0																			
1146	2026-09-24T20:15:40.007466526Z	57301	0																			
1147	2026-09-24T20:15:40.057132889Z	57350	0																			
1148	2026-09-24T20:15:40.107833785Z	57401	0																			
1149	2026-09-24T20:15:40.157542844Z	57451	0																			
1150	2026-09-24T20:15:40.20724935Z	57500	0																			
1151	2026-09-24T20:15:40.257921095Z	57551	0																			
1152	2026-09-24T20:15:40.307594074Z	57601	0																			
1153	2026-09-24T20:15:40.35730436Z	57650	0																			
1154	2026-09-24T20:15:40.40797533Z	57701	0																			
1155	2026-09-24T20:15:40.457616065Z	57751	0																			
1156	2026-09-24T20:15:40.507305159Z	57800	0																			
1157	2026-09-24T20:15:40.558074849Z	57851	0																			
1158	2026-09-24T20:15:40.607785777Z	57901	0																			
1159	2026-09-24T20:15:40.657474353Z	57951	0																			
1160	2026-09-24T20:15:40.707120714Z	58000	0																			
1161	2026-09-24T20:15:40.757773925Z	58051	0																			
1162	2026-09-24T20:15:40.807466039Z	58101	0																			
1163	2026-09-24T20:15:40.857217037Z	58150	0																			
1164	2026-09-24T20:15:40.90789287Z	58201	0																			
1165	2026-09-24T20:15:40.957612324Z	58251	0																			
1166	2026-09-24T20:15:41.007396787Z	58300	0																			
1167	2026-09-24T20:15:41.058136822Z	58351	0																			
1168	2026-09-24T20:15:41.107909223Z	58401	0																			
1169	2026-09-24T20:15:41.15771603Z	58451	0																			
1170	2026-09-24T20:15:41.207599493Z	58501	0																			
1171	2026-09-24T20:15:41.257458933Z	58551	0																			
1172	2026-09-24T20:15:41.308112625Z	58601	0																			
1173	2026-09-24T20:15:41.357806037Z	58651	0																			
1174	2026-09-24T20:15:41.40753506Z	58701	0																			
1175	2026-09-24T20:15:41.457150307Z	58750	0																			
1176	2026-09-24T20:15:41.507844884Z	58801	0																			
1177	2026-09-24T20:15:41.557490458Z	58851	0																			
1178	2026-09-24T20:15:41.607124586Z	58900	0																			
1179	2026-09-24T20:15:41.657765232Z	58951	0																			
1180	2026-09-24T20:15:41.707461858Z	59001	0																			
1181	2026-09-24T20:15:41.757089691Z	59050	0																			
1182	2026-09-24T20:15:41.80776742Z	59101	0																			
1183	2026-09-24T20:15:41.85745327Z	59151	0																			
1184	2026-09-24T20:15:41.908125763Z	59201	0																			
1185	2026-09-24T20:15:41.957800066Z	59251	0																			
1186	2026-09-24T20:15:42.007537372Z	59301	0																			
1187	2026-09-24T20:15:42.057290746Z	59350	0																			
1188	2026-09-24T20:15:42.108068608Z	59401	0																			
1189	2026-09-24T20:15:42.15776748Z	59451	0																			
1190	2026-09-24T20:15:42.207463135Z	59501	0																			
1191	2026-09-24T20:15:42.257107843Z	59550	0																			
1192	2026-09-24T20:15:42.307836304Z	59601	0																			
1193	2026-09-24T20:15:42.357535401Z	59651	0																			
1194	2026-09-24T20:15:42.407237663Z	59700	0																			
1195	2026-09-24T20:15:42.458031096Z	59751	0																			
1196	2026-09-24T20:15:42.507686185Z	59801	0																			
1197	2026-09-24T20:15:42.557402692Z	59850	0																			
1198	2026-09-24T20:15:42.608054017Z	59901	0																			
1199	2026-09-24T20:15:42.657754243Z	59951	0																			
1200	2026-09-24T20:15:42.707442931Z	60001	0																			
1201	2026-09-24T20:15:42.757216613Z	60050	0																			
1202	2026-09-24T20:15:42.807856175Z	60101	0																			
1203	2026-09-24T20:15:42.857534736Z	60151	0																			
1204	2026-09-24T20:15:42.907251503Z	60200	0																			
1205	2026-09-24T20:15:42.957976983Z	60251	0																			
1206	2026-09-24T20:15:43.007757285Z	60301	0																			
1207	2026-09-24T20:15:43.057550811Z	60351	0																			
1208	2026-09-24T20:15:43.107230318Z	60400	0																			
1209	2026-09-24T20:15:43.157881569Z	60451	0																			
1210	2026-09-24T20:15:43.207572946Z	60501	0																			
1211	2026-09-24T20:15:43.257306797Z	60550	0																			
1212	2026-09-24T20:15:43.307951363Z	60601	0																			
1213	2026-09-24T20:15:43.35756607Z	60651	0																			
1214	2026-09-24T20:15:43.407229914Z	60700	0																			
1215	2026-09-24T20:15:43.457927308Z	60751	0																			
1216	2026-09-24T20:15:43.507646621Z	60801	0																			
1217	2026-09-24T20:15:43.557306647Z	60850	0																			
1218	2026-09-24T20:15:43.607972155Z	60901	0																			
1219	2026-09-24T20:15:43.657688419Z	60951	0																			
1220	2026-09-24T20:15:43.707359409Z	61000	0																			
1221	2026-09-24T20:15:43.757999252Z	61051	0																			
1222	2026-09-24T20:15:43.807714026Z	61101	0																			
1223	2026-09-24T20:15:43.857426655Z	61151	0																			
1224	2026-09-24T20:15:43.90812519Z	61201	0																			
1225	2026-09-24T20:15:43.957789056Z	61251	0																			
1226	2026-09-24T20:15:44.007477221Z	61301	0																			
1227	2026-09-24T20:15:44.058143355Z	61351	0																			
1228	2026-09-24T20:15:44.107889137Z	61401	0																			
1229	2026-09-24T20:15:44.157534781Z	61451	0																			
1230	2026-09-24T20:15:44.207112623Z	61500	0																			
1231	2026-09-24T20:15:44.257769011Z	61551	0																			
1232	2026-09-24T20:15:44.307490084Z	61601	0																			
1233	2026-09-24T20:15:44.357215805Z	61650	0																			
1234	2026-09-24T20:15:44.407894515Z	61701	0																			
1235	2026-09-24T20:15:44.457605458Z	61751	0																			
1236	2026-09-24T20:15:44.50723146Z	61800	0																			
1237	2026-09-24T20:15:44.557927903Z	61851	0																			
1238	2026-09-24T20:15:44.607693204Z	61901	0																			
1239	2026-09-24T20:15:44.657355189Z	61950	0																			
1240	2026-09-24T20:15:44.707990682Z	62001	0																			
1241	2026-09-24T20:15:44.757688163Z	62051	0																			
1242	2026-09-24T20:15:44.807379964Z	62100	0																			
1243	2026-09-24T20:15:44.85804704Z	62151	0																			
1244	2026-09-24T20:15:44.907751955Z	62201	0																			
1245	2026-09-24T20:15:44.957464839Z	62251	0																			
1246	2026-09-24T20:15:45.007116083Z	62300	0																			
1247	2026-09-24T20:15:45.057846798Z	62351	0																			
1248	2026-09-24T20:15:45.10759195Z	62401	0																			
1249	2026-09-24T20:15:45.157309245Z	62450	0																			
1250	2026-09-24T20:15:45.208001078Z	62501	0																			
1251	2026-09-24T20:15:45.257694265Z	62551	0																			
1252	2026-09-24T20:15:45.3073829Z	62600	0																			
1253	2026-09-24T20:15:45.358086778Z	62651	0																			
1254	2026-09-24T20:15:45.407765786Z	62701	0																			
1255	2026-09-24T20:15:45.457466047Z	62751	0																			
1256	2026-09-24T20:15:45.507102861Z	62800	0																			
1257	2026-09-24T20:15:45.557769224Z	62851	0																			
1258	2026-09-24T20:15:45.607472544Z	62901	0																			
1259	2026-09-24T20:15:45.657098226Z	62950	0																			
1260	2026-09-24T20:15:45.707757876Z	63001	0																			
1261	2026-09-24T20:15:45.757477471Z	63051	0																			
1262	2026-09-24T20:15:45.808098214Z	63101	0																			
1263	2026-09-24T20:15:45.857764896Z	63151	0																			
1264	2026-09-24T20:15:45.907463023Z	63201	0																			
1265	2026-09-24T20:15:45.957154555Z	63250	0																			
1266	2026-09-24T20:15:46.007898943Z	63301	0																			
1267	2026-09-24T20:15:46.057617301Z	63351	0																			
1268	2026-09-24T20:15:46.107287749Z	63400	0																			
1269	2026-09-24T20:15:46.157996235Z	63451	0																			
1270	2026-09-24T20:15:46.207746282Z	63501	0																			
1271	2026-09-24T20:15:46.257461525Z	63551	0																			
1272	2026-09-24T20:15:46.307102595Z	63600	0																			
1273	2026-09-24T20:15:46.357770201Z	63651	0																			
1274	2026-09-24T20:15:46.407435448Z	63701	0																			
1275	2026-09-24T20:15:46.457093714Z	63750	0																			
1276	2026-09-24T20:15:46.507813908Z	63801	0																			
1277	2026-09-24T20:15:46.557539811Z	63851	0																			
1278	2026-09-24T20:15:46.607247908Z	63900	0																			
1279	2026-09-24T20:15:46.657923988Z	63951	0																			
1280	2026-09-24T20:15:46.707616394Z	64001	0																			
1281	2026-09-24T20:15:46.757278224Z	64050	0																			
1282	2026-09-24T20:15:46.807976172Z	64101	0																			
1283	2026-09-24T20:15:46.857687393Z	64151	0																			
1284	2026-09-24T20:15:46.90738452Z	64200	0																			
1285	2026-09-24T20:15:46.958112302Z	64251	0																			
1286	2026-09-24T20:15:47.007701241Z	64301	0																			
1287	2026-09-24T20:15:47.05746445Z	64351	0																			
1288	2026-09-24T20:15:47.107103361Z	64400	0																			
1289	2026-09-24T20:15:47.157849851Z	64451	0																			
1290	2026-09-24T20:15:47.207539767Z	64501	0																			
1291	2026-09-24T20:15:47.257232864Z	64550	0																			
1292	2026-09-24T20:15:47.30789275Z	64601	0																			
1293	2026-09-24T20:15:47.357578223Z	64651	0																			
1294	2026-09-24T20:15:47.407233725Z	64700	0																			
1295	2026-09-24T20:15:47.457921544Z	64751	0																			
1296	2026-09-24T20:15:47.507601846Z	64801	0																			
1297	2026-09-24T20:15:47.557290049Z	64850	0																			
1298	2026-09-24T20:15:47.607963002Z	64901	0																			
1299	2026-09-24T20:15:47.657655418Z	64951	0																			
1300	2026-09-24T20:15:47.707274156Z	65000	0																			
1301	2026-09-24T20:15:47.757935983Z	65051	0																			
1302	2026-09-24T20:15:47.807612299Z	65101	0																			
1303	2026-09-24T20:15:47.857304986Z	65150	0																			
1304	2026-09-24T20:15:47.907970579Z	65201	0																			
1305	2026-09-24T20:15:47.957581914Z	65251	0																			
1306	2026-09-24T20:15:48.007370696Z	65300	0																			
1307	2026-09-24T20:15:48.057115448Z	65350	0																			
1308	2026-09-24T20:15:48.107897113Z	65401	0																			
1309	2026-09-24T20:15:48.157536897Z	65451	0																			
1310	2026-09-24T20:15:48.207107227Z	65500	0																			
1311	2026-09-24T20:15:48.257767829Z	65551	0																			
1312	2026-09-24T20:15:48.307482097Z	65601	0																			
1313	2026-09-24T20:15:48.35713657Z	65650	0																			
1314	2026-09-24T20:15:48.407790603Z	65701	0																			
1315	2026-09-24T20:15:48.457465943Z	65751	0																			
1316	2026-09-24T20:15:48.507125665Z	65800	0																			
1317	2026-09-24T20:15:48.557814453Z	65851	0																			
1318	2026-09-24T20:15:48.607526232Z	65901	0																			
1319	2026-09-24T20:15:48.657247961Z	65950	0																			
1320	2026-09-24T20:15:48.707950691Z	66001	0																			
1321	2026-09-24T20:15:48.757585088Z	66051	0																			
1322	2026-09-24T20:15:48.807228109Z	66100	0																			
1323	2026-09-24T20:15:48.857846725Z	66151	0																			
1324	2026-09-24T20:15:48.9075177Z	66201	0																			
1325	2026-09-24T20:15:48.957228806Z	66250	0																			
1326	2026-09-24T20:15:49.007991361Z	66301	0																			
1327	2026-09-24T20:15:49.057737925Z	66351	0																			
1328	2026-09-24T20:15:49.107422689Z	66401	0																			
1329	2026-09-24T20:15:49.157104488Z	66450	0																			
1330	2026-09-24T20:15:49.207717336Z	66501	0																			
1331	2026-09-24T20:15:49.257447607Z	66551	0																			
1332	2026-09-24T20:15:49.308114325Z	66601	0																			
1333	2026-09-24T20:15:49.357825506Z	66651	0																			
1334	2026-09-24T20:15:49.4074494Z	66701	0																			
1335	2026-09-24T20:15:49.457118558Z	66750	0																			
1336	2026-09-24T20:15:49.50769325Z	66801	0																			
1337	2026-09-24T20:15:49.557379804Z	66850	0																			
1338	2026-09-24T20:15:49.608041689Z	66901	0																			
1339	2026-09-24T20:15:49.657691358Z	66951	0																			
1340	2026-09-24T20:15:49.707399939Z	67000	0																			
1341	2026-09-24T20:15:49.75799761Z	67051	0																			
1342	2026-09-24T20:15:49.807688949Z	67101	0																			
1343	2026-09-24T20:15:49.857321Z	67150	0																			
1344	2026-09-24T20:15:49.907971358Z	67201	0																			
1345	2026-09-24T20:15:49.957644363Z	67251	0																			
1346	2026-09-24T20:15:50.007309549Z	67300	0																			
1347	2026-09-24T20:15:50.058042618Z	67351	0																			
1348	2026-09-24T20:15:50.107739798Z	67401	0																			
1349	2026-09-24T20:15:50.157476685Z	67451	0																			
1350	2026-09-24T20:15:50.208136967Z	67501	0																			
1351	2026-09-24T20:15:50.257766062Z	67551	0																			
1352	2026-09-24T20:15:50.307459798Z	67601	0																			
1353	2026-09-24T20:15:50.358139016Z	67651	0																			
1354	2026-09-24T20:15:50.407823779Z	67701	0																			
1355	2026-09-24T20:15:50.457460169Z	67751	0																			
1356	2026-09-24T20:15:50.507107365Z	67800	0																			
1357	2026-09-24T20:15:50.557864207Z	67851	0																			
1358	2026-09-24T20:15:50.607597562Z	67901	0																			
1359	2026-09-24T20:15:50.657230253Z	67950	0																			
1360	2026-09-24T20:15:50.707894411Z	68001	0																			
1361	2026-09-24T20:15:50.757534331Z	68051	0																			
1362	2026-09-24T20:15:50.807215431Z	68100	0																			
1363	2026-09-24T20:15:50.857948379Z	68151	0																			
1364	2026-09-24T20:15:50.907614994Z	68201	0																			
1365	2026-09-24T20:15:50.957346036Z	68250	0																			
1366	2026-09-24T20:15:51.0081314Z	68301	0																			
1367	2026-09-24T20:15:51.057805599Z	68351	0																			
1368	2026-09-24T20:15:51.107554346Z	68401	0																			
1369	2026-09-24T20:15:51.15729731Z	68450	0																			
