sample	timestamp	elapsed_ms	status_rows	max_connections	threads_connected	threads_running	threads_cached	threads_created_total	threads_created_per_sec	connections_total	connections_per_sec	questions_total	questions_per_sec	com_select_total	com_select_per_sec	com_insert_total	com_insert_per_sec	com_update_total	com_update_per_sec	com_delete_total	com_delete_per_sec	bytes_received_total	bytes_received_per_sec	bytes_sent_total	bytes_sent_per_sec	buffer_pool_pages_total	buffer_pool_pages_free	buffer_pool_pages_dirty	buffer_pool_read_requests_total	buffer_pool_read_requests_per_sec	buffer_pool_reads_total	buffer_pool_reads_per_sec	buffer_pool_hit_pct	row_lock_current_waits	row_lock_waits_total	row_lock_waits_per_sec	row_lock_time_ms_total	row_lock_time_ms_per_sec	innodb_log_waits_total	innodb_log_waits_per_sec	created_tmp_tables_total	created_tmp_tables_per_sec	created_tmp_disk_tables_total	created_tmp_disk_tables_per_sec	tmp_disk_ratio_pct	aborted_connects_total	aborted_connects_per_sec	max_used_connections	connection_errors_max_connections_total	connection_errors_max_connections_per_sec
0	2026-09-24T22:51:53.577736075Z	0	26	10000	2	2	15	17	0.000	8635	0.000	735931	0.000	199528	0.000	187928	0.000	45370	0.000	11	0.000	2374418143	0.000	3218815037	0.000	65536	5560	0	154581451	0.000	59006	0.000	0.000	0	253	0.000	163	0.000	0	0.000	1907	0.000	0	0.000	0.000	13	0.000	17	0	0.000
1	2026-09-24T22:51:54.578812766Z	1001	26	10000	4	2	13	17	0.000	8637	1.998	735957	25.972	199550	21.976	187928	0.000	45370	0.000	11	0.000	2374443929	25758.266	3218847585	32512.994	65536	5560	0	154581451	0.000	59006	0.000	0.000	0	253	0.000	163	0.000	0	0.000	1909	1.998	0	0.000	0.000	13	0.000	17	0	0.000
2	2026-09-24T22:51:55.578752457Z	2001	26	10000	4	2	13	17	0.000	8637	0.000	735979	22.001	199571	21.001	187928	0.000	45370	0.000	11	0.000	2374468797	24869.500	3218878866	31282.886	65536	5560	0	154581451	0.000	59006	0.000	0.000	0	253	0.000	163	0.000	0	0.000	1910	1.000	0	0.000	0.000	13	0.000	17	0	0.000
3	2026-09-24T22:51:56.579052774Z	3001	26	10000	4	2	13	17	0.000	8637	0.000	736001	21.993	199592	20.994	187928	0.000	45370	0.000	11	0.000	2374493665	24860.534	3218910147	31271.609	65536	5560	0	154581451	0.000	59006	0.000	0.000	0	253	0.000	163	0.000	0	0.000	1911	1.000	0	0.000	0.000	13	0.000	17	0	0.000
4	2026-09-24T22:51:57.578788243Z	4001	26	10000	4	2	13	17	0.000	8637	0.000	736023	22.006	199613	21.006	187928	0.000	45370	0.000	11	0.000	2374518533	24874.580	3218941428	31289.277	65536	5560	0	154581451	0.000	59006	0.000	0.000	0	253	0.000	163	0.000	0	0.000	1912	1.000	0	0.000	0.000	13	0.000	17	0	0.000
5	2026-09-24T22:51:58.578835503Z	5001	26	10000	4	2	13	17	0.000	8637	0.000	736045	21.999	199634	20.999	187928	0.000	45370	0.000	11	0.000	2374543401	24866.824	3218972709	31279.521	65536	5560	0	154581451	0.000	59006	0.000	0.000	0	253	0.000	163	0.000	0	0.000	1913	1.000	0	0.000	0.000	13	0.000	17	0	0.000
6	2026-09-24T22:51:59.578827561Z	6001	26	10000	4	2	13	17	0.000	8637	0.000	736067	22.000	199655	21.000	187928	0.000	45370	0.000	11	0.000	2374568269	24868.198	3219003990	31281.248	65536	5560	0	154581451	0.000	59006	0.000	0.000	0	253	0.000	163	0.000	0	0.000	1914	1.000	0	0.000	0.000	13	0.000	17	0	0.000
7	2026-09-24T22:52:00.57887989Z	7001	26	10000	5	3	12	17	0.000	8638	1.000	736101	33.998	199679	23.999	187928	0.000	45370	0.000	11	0.000	2374593802	25531.664	3219035713	31721.340	65536	5523	96	154583397	1945.898	59041	34.998	98.201	0	253	0.000	163	0.000	0	0.000	1915	1.000	0	0.000	0.000	13	0.000	17	0	0.000
8	2026-09-24T22:52:01.578950552Z	8001	26	10000	5	3	12	17	0.000	8638	0.000	736160	58.996	199700	20.999	187928	0.000	45370	0.000	11	0.000	2374628044	34239.581	3219067402	31686.761	65536	7131	470	154620948	37548.347	59157	115.992	99.691	0	253	0.000	163	0.000	0	0.000	1916	1.000	0	0.000	0.000	13	0.000	17	0	0.000
9	2026-09-24T22:52:02.579155344Z	9001	26	10000	5	3	12	17	0.000	8639	1.000	736251	90.981	199722	21.995	187939	10.998	45370	0.000	11	0.000	2377962444	3333717.268	3219100115	32706.302	65536	8773	857	154833193	212201.542	59174	16.997	99.992	0	253	0.000	163	0.000	0	0.000	1917	1.000	0	0.000	0.000	13	0.000	17	0	0.000
10	2026-09-24T22:52:03.579166092Z	10001	26	10000	5	3	12	17	0.000	8639	0.000	736277	26.000	199743	21.000	187944	5.000	45370	0.000	11	0.000	2382109812	4147323.449	3219131622	31506.662	65536	8455	1166	155319049	485850.781	59174	0.000	100.000	0	253	0.000	163	0.000	0	0.000	1918	1.000	0	0.000	0.000	13	0.000	17	0	0.000
11	2026-09-24T22:52:04.579084811Z	11001	26	10000	5	2	12	17	0.000	8639	0.000	736305	28.002	199765	22.002	187948	4.000	45370	0.000	11	0.000	2386258277	4148802.210	3219164210	32590.649	65536	8256	1352	155792132	473121.455	59174	0.000	100.000	0	253	0.000	163	0.000	0	0.000	1920	2.000	0	0.000	0.000	13	0.000	17	0	0.000
12	2026-09-24T22:52:05.579203578Z	12001	26	10000	5	3	12	17	0.000	8639	0.000	736332	26.997	199786	20.998	187952	4.000	45370	0.000	11	0.000	2391436762	5177870.045	3219195718	31504.258	65536	8210	1376	156231540	439355.819	59174	0.000	100.000	0	253	0.000	163	0.000	0	0.000	1921	1.000	0	0.000	0.000	13	0.000	17	0	0.000
13	2026-09-24T22:52:06.579164083Z	13001	26	10000	5	3	12	17	0.000	8639	0.000	736358	26.001	199807	21.001	187956	4.000	45370	0.000	11	0.000	2395584465	4147866.824	3219227226	31509.244	65536	7892	1500	156739156	507636.050	59174	0.000	100.000	0	253	0.000	163	0.000	0	0.000	1922	1.000	0	0.000	0.000	13	0.000	17	0	0.000
14	2026-09-24T22:52:07.579115794Z	14001	26	10000	5	3	12	17	0.000	8639	0.000	736384	26.001	199828	21.001	187960	4.000	45370	0.000	11	0.000	2399732192	4147927.274	3219258734	31509.521	65536	7959	1780	157244968	505836.423	59174	0.000	100.000	0	253	0.000	163	0.000	0	0.000	1923	1.000	0	0.000	0.000	13	0.000	17	0	0.000
15	2026-09-24T22:52:08.579180788Z	15001	26	10000	5	3	12	17	0.000	8639	0.000	736410	25.998	199849	20.999	187965	5.000	45370	0.000	11	0.000	2403879955	4147493.454	3219290242	31505.952	65536	8022	1773	157736899	491899.031	59174	0.000	100.000	0	253	0.000	163	0.000	0	0.000	1924	1.000	0	0.000	0.000	13	0.000	17	0	0.000
16	2026-09-24T22:52:09.579144381Z	16001	26	10000	5	3	12	17	0.000	8639	0.000	736436	26.001	199870	21.001	187969	4.000	45370	0.000	11	0.000	2408027695	4147890.979	3219321750	31509.147	65536	8006	1958	158263616	526736.173	59174	0.000	100.000	0	253	0.000	163	0.000	0	0.000	1925	1.000	0	0.000	0.000	13	0.000	17	0	0.000
17	2026-09-24T22:52:10.579181945Z	17001	26	10000	5	3	12	17	0.000	8639	0.000	736463	26.999	199891	20.999	187973	4.000	45370	0.000	11	0.000	2413206136	5178246.495	3219353314	31562.814	65536	7912	2325	158790583	526947.207	59174	0.000	100.000	0	253	0.000	163	0.000	0	0.000	1926	1.000	0	0.000	0.000	13	0.000	17	0	0.000
18	2026-09-24T22:52:11.579191928Z	18001	26	10000	5	3	12	17	0.000	8639	0.000	736489	26.000	199912	21.000	187978	5.000	45370	0.000	11	0.000	2417353954	4147776.601	3219384822	31507.686	65536	7920	2626	159277386	486798.141	59174	0.000	100.000	0	253	0.000	163	0.000	0	0.000	1927	1.000	0	0.000	0.000	13	0.000	17	0	0.000
19	2026-09-24T22:52:12.579609034Z	19001	26	10000	5	3	12	17	0.000	8639	0.000	736515	25.989	199933	20.991	187982	3.998	45370	0.000	11	0.000	2421501716	4146032.694	3219416330	31494.864	65536	7897	2651	159825618	548003.428	59174	0.000	100.000	0	253	0.000	163	0.000	0	0.000	1928	1.000	0	0.000	0.000	13	0.000	17	0	0.000
20	2026-09-24T22:52:13.579183714Z	20001	26	10000	5	3	12	17	0.000	8639	0.000	736549	34.014	199954	21.009	187986	4.002	45370	0.000	11	0.000	2424894066	3393793.404	3219447926	31609.444	65536	8000	2127	160116039	290544.571	59174	0.000	100.000	0	253	0.000	163	0.000	0	0.000	1929	1.000	0	0.000	0.000	13	0.000	17	0	0.000
21	2026-09-24T22:52:14.579381691Z	21001	26	10000	5	3	12	17	0.000	8639	0.000	736581	31.994	199976	21.996	187990	3.999	45370	0.000	11	0.000	2429036122	4141236.143	3219480501	32568.552	65536	7900	2061	160492052	375938.574	59174	0.000	100.000	0	253	0.000	163	0.000	0	0.000	1931	2.000	0	0.000	0.000	13	0.000	17	0	0.000
22	2026-09-24T22:52:15.578889522Z	22001	26	10000	5	3	12	17	0.000	8639	0.000	736612	31.015	199997	21.010	187995	5.002	45370	0.000	11	0.000	2433910906	4877184.394	3219512109	31623.564	65536	8036	1762	160856411	364538.414	59176	2.001	99.999	0	253	0.000	163	0.000	0	0.000	1932	1.000	0	0.000	0.000	13	0.000	17	0	0.000
23	2026-09-24T22:52:16.579437178Z	23001	26	10000	5	2	12	17	0.000	8639	0.000	736645	32.982	200018	20.989	187998	2.998	45370	0.000	11	0.000	2437193595	3280892.203	3219543705	31578.706	65536	7968	1582	161172117	315533.197	59178	1.999	99.999	0	253	0.000	163	0.000	0	0.000	1933	0.999	0	0.000	0.000	13	0.000	17	0	0.000
24	2026-09-24T22:52:17.579177364Z	24001	26	10000	5	3	12	17	0.000	8639	0.000	736673	28.007	200039	21.005	188004	6.002	45370	0.000	11	0.000	2442993587	5801499.317	3219575269	31572.203	65536	7860	1789	161642609	470614.273	59178	0.000	100.000	0	253	0.000	163	0.000	0	0.000	1934	1.000	0	0.000	0.000	13	0.000	17	0	0.000
25	2026-09-24T22:52:18.579189034Z	25001	26	10000	5	3	12	17	0.000	8639	0.000	736701	28.000	200060	21.000	188010	6.000	45370	0.000	11	0.000	2449203095	6209435.542	3219606889	31619.631	65536	7875	1932	162137367	494752.227	59178	0.000	100.000	0	253	0.000	163	0.000	0	0.000	1935	1.000	0	0.000	0.000	13	0.000	17	0	0.000
26	2026-09-24T22:52:19.579182148Z	26001	26	10000	5	3	12	17	0.000	8642	3.000	736759	58.000	200084	24.000	188015	5.000	45370	0.000	12	1.000	2451684338	2481260.086	3219639627	32738.225	65536	7773	3431	162426050	288684.988	59498	320.002	99.889	0	253	0.000	163	0.000	0	0.000	1937	2.000	0	0.000	0.000	13	0.000	17	0	0.000
27	2026-09-24T22:52:20.579058552Z	27001	26	10000	5	3	12	17	0.000	8642	0.000	736781	22.003	200105	21.003	188015	0.000	45370	0.000	12	0.000	2451709206	24871.074	3219670911	31287.867	65536	7698	6356	162646946	220923.305	60262	764.094	99.654	0	253	0.000	163	0.000	0	0.000	1938	1.000	0	0.000	0.000	13	0.000	17	0	0.000
28	2026-09-24T22:52:21.579038628Z	28001	26	10000	5	3	12	17	0.000	8642	0.000	736803	22.000	200126	21.000	188015	0.000	45370	0.000	12	0.000	2451734074	24868.496	3219702195	31284.624	65536	7645	9218	162863009	216067.307	61012	750.015	99.653	0	253	0.000	163	0.000	0	0.000	1939	1.000	0	0.000	0.000	13	0.000	17	0	0.000
29	2026-09-24T22:52:22.579422733Z	29001	26	10000	5	3	12	17	0.000	8642	0.000	736825	21.992	200147	20.992	188015	0.000	45370	0.000	12	0.000	2451758942	24858.451	3219733479	31271.988	65536	7727	12472	163109821	246717.232	61682	669.743	99.729	0	253	0.000	163	0.000	0	0.000	1940	1.000	0	0.000	0.000	13	0.000	17	0	0.000
30	2026-09-24T22:52:23.579371631Z	30001	26	10000	5	3	12	17	0.000	8642	0.000	736847	22.001	200168	21.001	188015	0.000	45370	0.000	12	0.000	2451783810	24869.271	3219764764	31286.599	65536	8069	21825	163626457	516662.404	61693	11.001	99.998	0	253	0.000	163	0.000	0	0.000	1941	1.000	0	0.000	0.000	13	0.000	17	0	0.000
31	2026-09-24T22:52:24.579185217Z	31001	26	10000	4	3	13	17	0.000	8642	0.000	736873	26.005	200191	23.004	188015	0.000	45370	0.000	12	0.000	2451809485	25679.787	3232248981	12486544.579	65536	8274	24957	163904816	278410.898	61698	5.001	99.998	0	253	0.000	163	0.000	0	0.000	1943	2.000	0	0.000	0.000	13	0.000	17	0	0.000
32	2026-09-24T22:52:25.57915589Z	32001	26	10000	4	3	13	17	0.000	8642	0.000	736895	22.001	200212	21.001	188015	0.000	45370	0.000	12	0.000	2451834353	24868.729	3252809418	20561040.138	65536	8274	23721	163988778	83964.463	61699	1.000	99.999	0	253	0.000	163	0.000	0	0.000	1944	1.000	0	0.000	0.000	13	0.000	17	0	0.000
33	2026-09-24T22:52:26.579143282Z	33001	26	10000	4	3	13	17	0.000	8642	0.000	736917	22.000	200233	21.000	188015	0.000	45370	0.000	12	0.000	2451859221	24868.313	3275450623	22641490.373	65536	8274	23521	164081109	92332.164	61699	0.000	100.000	0	253	0.000	163	0.000	0	0.000	1945	1.000	0	0.000	0.000	13	0.000	17	0	0.000
34	2026-09-24T22:52:27.583965601Z	34006	26	10000	4	3	13	17	0.000	8642	0.000	736939	21.894	200254	20.899	188015	0.000	45370	0.000	12	0.000	2451884089	24748.654	3295437620	19891075.847	65536	8274	23321	164162266	80767.513	61699	0.000	100.000	0	253	0.000	163	0.000	0	0.000	1946	0.995	0	0.000	0.000	13	0.000	17	0	0.000
35	2026-09-24T22:52:28.579117375Z	35001	26	10000	4	3	13	17	0.000	8642	0.000	736961	22.107	200275	21.102	188015	0.000	45370	0.000	12	0.000	2451908957	24989.153	3317849449	22521016.088	65536	8274	23121	164253358	91535.787	61699	0.000	100.000	0	253	0.000	163	0.000	0	0.000	1947	1.005	0	0.000	0.000	13	0.000	17	0	0.000
36	2026-09-24T22:52:29.578773351Z	36001	26	10000	4	2	13	17	0.000	8642	0.000	736983	22.008	200296	21.007	188015	0.000	45370	0.000	12	0.000	2451933825	24876.558	3326815610	8969246.609	65536	8272	22928	164290087	36741.640	61701	2.001	99.995	0	253	0.000	163	0.000	0	0.000	1948	1.000	0	0.000	0.000	13	0.000	17	0	0.000
37	2026-09-24T22:52:30.578751497Z	37001	26	10000	4	2	13	17	0.000	8642	0.000	737005	22.000	200317	21.000	188015	0.000	45370	0.000	12	0.000	2451958693	24868.544	3326846895	31285.684	65536	8273	21780	164290087	0.000	61701	0.000	0.000	0	253	0.000	163	0.000	0	0.000	1949	1.000	0	0.000	0.000	13	0.000	17	0	0.000
38	2026-09-24T22:52:31.578791823Z	38001	26	10000	4	2	13	17	0.000	8642	0.000	737027	21.999	200338	20.999	188015	0.000	45370	0.000	12	0.000	2451983561	24866.997	3326878180	31283.739	65536	8273	21580	164290087	0.000	61701	0.000	0.000	0	253	0.000	163	0.000	0	0.000	1950	1.000	0	0.000	0.000	13	0.000	17	0	0.000
39	2026-09-24T22:52:32.578741304Z	39001	26	10000	4	2	13	17	0.000	8642	0.000	737049	22.001	200359	21.001	188015	0.000	45370	0.000	12	0.000	2452008429	24869.257	3326909465	31286.581	65536	8273	21380	164290087	0.000	61701	0.000	0.000	0	253	0.000	163	0.000	0	0.000	1951	1.000	0	0.000	0.000	13	0.000	17	0	0.000
40	2026-09-24T22:52:33.578777049Z	40001	26	10000	4	2	13	17	0.000	8642	0.000	737071	21.999	200380	20.999	188015	0.000	45370	0.000	12	0.000	2452033297	24867.111	3326940750	31283.882	65536	8273	21180	164290087	0.000	61701	0.000	0.000	0	253	0.000	163	0.000	0	0.000	1952	1.000	0	0.000	0.000	13	0.000	17	0	0.000
41	2026-09-24T22:52:34.579259151Z	41001	26	10000	4	3	13	17	0.000	8642	0.000	737102	30.985	200409	28.986	188015	0.000	45370	0.000	12	0.000	2452059399	26089.422	3326976327	35559.857	65536	8273	20980	164304614	14520.000	61701	0.000	100.000	0	253	0.000	163	0.000	0	0.000	1954	1.999	0	0.000	0.000	13	0.000	17	0	0.000
42	2026-09-24T22:52:35.579282354Z	42001	26	10000	5	2	12	17	0.000	8643	1.000	737545	442.990	200495	85.998	188138	122.997	45384	14.000	12	0.000	2452350176	290770.252	3327097477	121147.189	65536	8234	20922	164323249	18634.568	61720	19.000	99.898	0	253	0.000	163	0.000	0	0.000	1955	1.000	0	0.000	0.000	13	0.000	17	0	0.000
43	2026-09-24T22:52:36.579269303Z	43001	26	10000	5	2	12	17	0.000	8643	0.000	738096	551.007	200646	151.002	188277	139.002	45402	18.000	12	0.000	2452652012	301839.942	3327279960	182485.383	65536	8255	19590	164330550	7301.095	61728	8.000	99.890	0	253	0.000	163	0.000	0	0.000	1956	1.000	0	0.000	0.000	13	0.000	17	0	0.000
44	2026-09-24T22:52:37.579218211Z	44001	26	10000	5	2	12	17	0.000	8643	0.000	738904	808.041	200847	201.010	188488	211.011	45429	27.001	12	0.000	2453132983	480995.573	3327524700	244752.504	65536	8256	18130	164340922	10372.530	61728	0.000	100.000	0	253	0.000	163	0.000	0	0.000	1957	1.000	0	0.000	0.000	13	0.000	17	0	0.000
45	2026-09-24T22:52:38.579206489Z	45001	26	10000	5	2	12	17	0.000	8643	0.000	739584	680.008	201038	191.002	188658	170.002	45451	22.000	12	0.000	2453472241	339261.975	3327761002	236304.769	65536	8254	16599	164350008	9086.106	61728	0.000	100.000	0	253	0.000	163	0.000	0	0.000	1958	1.000	0	0.000	0.000	13	0.000	17	0	0.000
46	2026-09-24T22:52:39.579202223Z	46001	26	10000	5	2	12	17	0.000	8643	0.000	740363	779.003	201209	171.001	188869	211.001	45477	26.000	12	0.000	2453963617	491378.103	3327989534	228532.978	65536	8248	15092	164359480	9472.041	61728	0.000	100.000	0	253	0.000	163	0.000	0	0.000	1959	1.000	0	0.000	0.000	13	0.000	17	0	0.000
47	2026-09-24T22:52:40.579638527Z	47001	26	10000	5	2	12	17	0.000	8643	0.000	741063	699.695	201380	170.925	189053	183.920	45501	23.990	12	0.000	2454376423	412625.967	3328223087	233451.143	65536	8250	13585	164369159	9674.779	61728	0.000	100.000	0	253	0.000	163	0.000	0	0.000	1960	1.000	0	0.000	0.000	13	0.000	17	0	0.000
48	2026-09-24T22:52:41.579642732Z	48001	26	10000	5	2	12	17	0.000	8643	0.000	741696	632.997	201551	170.999	189214	160.999	45523	22.000	12	0.000	2454771431	395006.339	3328454489	231401.027	65536	8249	12080	164378629	9469.960	61728	0.000	100.000	0	253	0.000	163	0.000	0	0.000	1961	1.000	0	0.000	0.000	13	0.000	17	0	0.000
49	2026-09-24T22:52:42.57975436Z	49002	26	10000	5	2	12	17	0.000	8643	0.000	742336	639.929	201692	140.984	189387	172.981	45544	20.998	12	0.000	2455177010	405533.733	3328639263	184753.377	65536	8240	10584	164386030	7400.174	61728	0.000	100.000	0	253	0.000	163	0.000	0	0.000	1962	1.000	0	0.000	0.000	13	0.000	17	0	0.000
50	2026-09-24T22:52:43.579039781Z	50001	26	10000	5	3	12	17	0.000	8643	0.000	743122	786.562	201883	191.137	189594	207.148	45571	27.019	12	0.000	2455642572	465894.918	3328900095	261018.518	65536	8231	9248	164396998	10975.843	61728	0.000	100.000	0	253	0.000	163	0.000	0	0.000	1963	1.001	0	0.000	0.000	13	0.000	17	0	0.000
51	2026-09-24T22:52:44.579372432Z	51001	26	10000	5	2	12	17	0.000	8643	0.000	744013	890.704	202135	251.916	189817	222.926	45603	31.989	12	0.000	2456146308	503568.483	3329224750	324547.036	65536	8207	8068	164410481	13478.516	61728	0.000	100.000	0	253	0.000	163	0.000	0	0.000	1965	1.999	0	0.000	0.000	13	0.000	17	0	0.000
52	2026-09-24T22:52:45.579233903Z	52001	26	10000	5	3	12	17	0.000	8688	45.006	746522	2509.348	203265	1130.157	190296	479.066	45751	148.021	12	0.000	2458253549	2107532.957	3330642256	1417702.394	65536	8082	7175	164473064	62591.671	61730	2.000	99.997	0	253	0.000	163	0.000	0	0.000	1966	1.000	0	0.000	0.000	13	0.000	17	0	0.000
53	2026-09-24T22:52:46.579539781Z	53001	26	10000	5	3	12	17	0.000	8729	40.987	749331	2808.141	204507	1241.620	190843	546.833	45911	159.951	12	0.000	2460619219	2364946.615	3332222984	1580244.638	65536	8069	6371	164543383	70297.498	61730	0.000	100.000	0	253	0.000	163	0.000	0	0.000	1967	1.000	0	0.000	0.000	13	0.000	17	0	0.000
54	2026-09-24T22:52:47.579761548Z	54002	26	10000	7	4	10	17	0.000	8775	45.990	752160	2828.373	205767	1259.721	191389	545.879	46070	158.965	12	0.000	2462906663	2286936.840	3333805364	1582029.163	65536	7967	5644	164614115	70716.318	61730	0.000	100.000	0	253	0.000	163	0.000	0	0.000	1968	1.000	0	0.000	0.000	13	0.000	17	0	0.000
55	2026-09-24T22:52:48.579784171Z	55002	26	10000	5	3	12	17	0.000	8816	40.999	754571	2410.945	206798	1030.977	191870	480.989	46217	146.997	12	0.000	2465138481	2231767.529	3335088344	1282950.986	65536	7926	4997	164672333	58216.683	61730	0.000	100.000	0	253	0.000	163	0.000	0	0.000	1969	1.000	0	0.000	0.000	13	0.000	17	0	0.000
56	2026-09-24T22:52:49.57876158Z	56001	26	10000	5	3	12	17	0.000	8873	57.058	757306	2737.800	208000	1203.230	192401	531.544	46392	175.179	12	0.000	2467840740	2705025.091	3336636593	1549833.821	65536	7808	4458	164741780	69518.087	61730	0.000	100.000	0	253	0.000	163	0.000	0	0.000	1970	1.001	0	0.000	0.000	13	0.000	17	0	0.000
57	2026-09-24T22:52:50.579187057Z	57001	26	10000	5	3	12	17	0.000	8919	45.980	759721	2413.973	209011	1010.570	192890	488.792	46550	157.933	12	0.000	2470467358	2625500.954	3337936829	1299683.037	65536	7947	3958	164798330	56525.950	61730	0.000	100.000	0	253	0.000	163	0.000	0	0.000	1971	1.000	0	0.000	0.000	13	0.000	17	0	0.000
58	2026-09-24T22:52:51.579039416Z	58001	26	10000	5	3	12	17	0.000	8955	36.005	761947	2226.329	209882	871.129	193361	471.070	46681	131.019	12	0.000	2472570138	2103090.479	3339030117	1093449.426	65536	7993	3479	164843330	45006.644	61730	0.000	100.000	0	253	0.000	163	0.000	0	0.000	1972	1.000	0	0.000	0.000	13	0.000	17	0	0.000
59	2026-09-24T22:52:52.579462652Z	59001	26	10000	5	3	12	17	0.000	8998	42.982	764746	2797.816	211073	1190.496	193926	564.761	46853	171.927	12	0.000	2475194735	2623486.643	3340531908	1501155.655	65536	8029	3091	164903376	60020.597	61730	0.000	100.000	0	253	0.000	163	0.000	0	0.000	1973	1.000	0	0.000	0.000	13	0.000	17	0	0.000
60	2026-09-24T22:52:53.579184157Z	60001	26	10000	5	2	12	17	0.000	9029	31.009	767510	2764.770	212252	1179.328	194489	563.157	47019	166.046	12	0.000	2477748589	2554565.434	3341987544	1456041.500	65536	8045	2881	164960412	57051.889	61730	0.000	100.000	0	253	0.000	163	0.000	0	0.000	1974	1.000	0	0.000	0.000	13	0.000	17	0	0.000
61	2026-09-24T22:52:54.579165077Z	61001	26	10000	5	4	12	17	0.000	9070	41.001	770140	2630.050	213422	1170.022	195000	511.010	47177	158.003	12	0.000	2480168676	2420133.188	3343439270	1451753.707	65536	8102	2597	165016030	55619.061	61730	0.000	100.000	0	253	0.000	163	0.000	0	0.000	1976	2.000	0	0.000	0.000	13	0.000	17	0	0.000
62	2026-09-24T22:52:55.579050936Z	62001	26	10000	5	2	12	17	0.000	9124	54.006	772809	2669.305	214766	1344.153	195473	473.054	47398	221.025	12	0.000	2483794871	3626608.916	3345053235	1614149.228	65536	7988	2471	165080204	64181.325	61741	11.001	99.983	0	253	0.000	163	0.000	0	0.000	1977	1.000	0	0.000	0.000	13	0.000	17	0	0.000
63	2026-09-24T22:52:56.579156348Z	63001	26	10000	5	2	12	17	0.000	9197	72.992	776090	3280.654	216408	1641.827	196056	582.939	47653	254.973	12	0.000	2488171859	4376526.701	3347053646	2000200.173	65536	7979	2395	165160085	79872.581	61753	11.999	99.985	0	253	0.000	163	0.000	0	0.000	1978	1.000	0	0.000	0.000	13	0.000	17	0	0.000
64	2026-09-24T22:52:57.579630774Z	64001	26	10000	5	2	12	17	0.000	9238	40.981	778850	2758.691	217659	1250.407	196597	540.743	47850	196.907	12	0.000	2491514275	3340830.996	3348621025	1566635.735	65536	8002	2303	165222943	62828.192	61760	6.997	99.989	0	253	0.000	163	0.000	0	0.000	1979	1.000	0	0.000	0.000	13	0.000	17	0	0.000
65	2026-09-24T22:52:58.579555783Z	65001	26	10000	5	3	12	17	0.000	9303	65.005	782120	3270.245	219300	1641.123	197177	580.043	48094	244.018	12	0.000	2495430237	3916255.402	3350754056	2133190.817	65536	7977	2367	165308092	85155.380	61769	9.001	99.989	0	253	0.000	163	0.000	0	0.000	1980	1.000	0	0.000	0.000	13	0.000	17	0	0.000
66	2026-09-24T22:52:59.579001922Z	66001	26	10000	5	3	12	17	0.000	9339	36.020	785099	2980.651	220641	1341.743	197765	588.326	48291	197.109	12	0.000	2498674118	3245678.892	3352476069	1722967.410	65536	8041	2448	165376525	68470.928	61779	10.006	99.985	0	253	0.000	163	0.000	0	0.000	1981	1.001	0	0.000	0.000	13	0.000	17	0	0.000
67	2026-09-24T22:53:00.579018015Z	67001	26	10000	8	2	9	17	0.000	9392	52.999	787721	2621.958	221936	1294.979	198239	473.992	48490	198.997	12	0.000	2502119359	3445185.574	3354010158	1534064.320	65536	8058	2439	165437034	60508.027	61783	4.000	99.993	0	253	0.000	163	0.000	0	0.000	1982	1.000	0	0.000	0.000	13	0.000	17	0	0.000
68	2026-09-24T22:53:01.579291405Z	68001	26	10000	5	3	12	17	0.000	9444	51.986	790633	2911.204	223293	1356.629	198802	562.846	48732	241.934	12	0.000	2506418586	4298051.956	3355707233	1696611.163	65536	8050	2497	165507232	70178.814	61793	9.997	99.986	0	253	0.000	163	0.000	0	0.000	1983	1.000	0	0.000	0.000	13	0.000	17	0	0.000
69	2026-09-24T22:53:02.579690896Z	69001	26	10000	6	2	11	17	0.000	9499	54.978	793316	2681.929	224572	1278.489	199302	499.800	48938	205.918	12	0.000	2510014223	3594201.156	3357313057	1605182.747	65536	8032	2484	165572054	64796.115	61799	5.998	99.991	0	253	0.000	163	0.000	0	0.000	1984	1.000	0	0.000	0.000	13	0.000	17	0	0.000
70	2026-09-24T22:53:03.579827066Z	70002	26	10000	6	4	11	17	0.000	9544	44.994	796376	3059.583	225986	1413.807	199891	588.920	49151	212.971	12	0.000	2513574940	3560232.168	3359136071	1822765.776	65536	8073	2526	165644753	72689.101	61804	4.999	99.993	0	253	0.000	163	0.000	0	0.000	1985	1.000	0	0.000	0.000	13	0.000	17	0	0.000
71	2026-09-24T22:53:04.579077768Z	71001	26	10000	5	2	12	17	0.000	9581	37.028	799071	2697.021	227097	1111.833	200457	566.424	49341	190.142	12	0.000	2517147904	3575642.932	3360529215	1394188.550	65536	8067	2572	165701852	57141.812	61805	1.001	99.998	0	253	0.000	163	0.000	0	0.000	1987	2.001	0	0.000	0.000	13	0.000	17	0	0.000
72	2026-09-24T22:53:05.579974017Z	72002	26	10000	5	2	12	17	0.000	9581	0.000	800589	1516.641	227128	30.972	200996	538.517	49472	130.883	12	0.000	2520751428	3600297.557	3360600545	71266.134	65536	8023	2419	165713936	12073.180	61805	0.000	100.000	0	253	0.000	163	0.000	0	0.000	1988	0.999	0	0.000	0.000	13	0.000	17	0	0.000
73	2026-09-24T22:53:06.579478403Z	73001	26	10000	5	2	12	17	0.000	9581	0.000	802149	1560.774	227149	21.010	201558	562.279	49620	148.073	12	0.000	2524815934	4066521.421	3360668935	68423.912	65536	8035	2259	165727182	13252.568	61805	0.000	100.000	0	253	0.000	163	0.000	0	0.000	1989	1.000	0	0.000	0.000	13	0.000	17	0	0.000
74	2026-09-24T22:53:07.580089205Z	74002	26	10000	5	3	12	17	0.000	9581	0.000	803856	1705.958	227190	40.975	202164	605.630	49772	151.907	12	0.000	2529013229	4194732.874	3360751131	82145.826	65536	8016	2070	165741734	14543.117	61807	1.999	99.986	0	253	0.000	163	0.000	0	0.000	1990	0.999	0	0.000	0.000	13	0.000	17	0	0.000
75	2026-09-24T22:53:08.578950869Z	75001	26	10000	5	2	12	17	0.000	9581	0.000	805523	1668.900	227231	41.047	202754	590.672	49918	146.166	12	0.000	2533019049	4010385.122	3360832009	80970.170	65536	8043	1926	165755396	13677.570	61808	1.001	99.993	0	253	0.000	163	0.000	0	0.000	1991	1.001	0	0.000	0.000	13	0.000	17	0	0.000
76	2026-09-24T22:53:09.579695596Z	76001	26	10000	5	3	12	17	0.000	9582	0.999	807032	1507.877	227322	90.932	203272	517.615	50057	138.897	12	0.000	2536860934	3839026.004	3360934643	102557.623	65536	8007	1737	165768365	12959.349	61808	0.000	100.000	0	253	0.000	163	0.000	0	0.000	1992	0.999	0	0.000	0.000	13	0.000	17	0	0.000
77	2026-09-24T22:53:10.579247696Z	77001	26	10000	5	2	12	17	0.000	9582	0.000	808672	1640.735	227363	41.018	203854	582.261	50205	148.066	12	0.000	2540925494	4066381.304	3361015461	80854.214	65536	8008	1677	165781917	13558.073	61808	0.000	100.000	0	253	0.000	163	0.000	0	0.000	1993	1.000	0	0.000	0.000	13	0.000	17	0	0.000
78	2026-09-24T22:53:11.579183612Z	78001	26	10000	5	2	12	17	0.000	9582	0.000	810331	1659.106	227384	21.001	204447	593.038	50347	142.009	12	0.000	2544856068	3930825.903	3361086603	71146.559	65536	8028	1542	165795084	13167.844	61808	0.000	100.000	0	253	0.000	163	0.000	0	0.000	1994	1.000	0	0.000	0.000	13	0.000	17	0	0.000
79	2026-09-24T22:53:12.57995624Z	79002	26	10000	5	3	12	17	0.000	9582	0.000	811927	1594.768	227405	20.984	205023	575.555	50501	153.881	12	0.000	2549082004	4222673.448	3361156870	70212.752	65536	8031	1465	165808901	13806.333	61808	0.000	100.000	0	253	0.000	163	0.000	0	0.000	1995	0.999	0	0.000	0.000	13	0.000	17	0	0.000
80	2026-09-24T22:53:13.579116103Z	80001	26	10000	5	2	12	17	0.000	9582	0.000	813617	1691.421	227446	41.034	205622	599.504	50650	149.125	12	0.000	2553173339	4094775.172	3361238849	82047.932	65536	7995	1459	165822640	13750.552	61808	0.000	100.000	0	253	0.000	163	0.000	0	0.000	1996	1.001	0	0.000	0.000	13	0.000	17	0	0.000
81	2026-09-24T22:53:14.579126111Z	81001	26	10000	5	3	12	17	0.000	9582	0.000	815177	1559.984	227478	32.000	206178	555.994	50793	142.999	12	0.000	2557141759	3968380.273	3361313605	74755.252	65536	8021	1343	165835841	13200.868	61808	0.000	100.000	0	253	0.000	163	0.000	0	0.000	1998	2.000	0	0.000	0.000	13	0.000	17	0	0.000
82	2026-09-24T22:53:15.57948141Z	82001	26	10000	5	2	12	17	0.000	9582	0.000	816772	1594.434	227529	50.982	206738	559.801	50929	135.952	12	0.000	2560907135	3764038.675	3361397744	84109.117	65536	8010	1331	165848715	12869.428	61808	0.000	100.000	0	253	0.000	163	0.000	0	0.000	1999	1.000	0	0.000	0.000	13	0.000	17	0	0.000
83	2026-09-24T22:53:16.5795231Z	83001	26	10000	5	2	12	17	0.000	9582	0.000	818391	1618.933	227580	50.998	207310	571.976	51077	147.994	12	0.000	2564975394	4068089.393	3361483156	85408.439	65536	8003	1334	165862340	13624.432	61808	0.000	100.000	0	253	0.000	163	0.000	0	0.000	2000	1.000	0	0.000	0.000	13	0.000	17	0	0.000
84	2026-09-24T22:53:17.579007089Z	84001	26	10000	5	2	12	17	0.000	9582	0.000	820102	1711.883	227621	41.021	207915	605.312	51224	147.076	12	0.000	2569043299	4070005.184	3361565619	82505.574	65536	8001	1300	165876018	13685.062	61808	0.000	100.000	0	253	0.000	163	0.000	0	0.000	2001	1.001	0	0.000	0.000	13	0.000	17	0	0.000
85	2026-09-24T22:53:18.579807221Z	85002	26	10000	5	2	12	17	0.000	9582	0.000	821824	1720.623	227712	90.927	208508	592.526	51373	148.881	12	0.000	2573133064	4086495.252	3361672860	107155.261	65536	8005	1299	165889894	13864.906	61808	0.000	100.000	0	253	0.000	163	0.000	0	0.000	2002	0.999	0	0.000	0.000	13	0.000	17	0	0.000
86	2026-09-24T22:53:19.579390659Z	86001	26	10000	5	2	12	17	0.000	9582	0.000	823480	1656.690	227763	51.021	209092	584.243	51521	148.062	12	0.000	2577202186	4070817.748	3361758551	85726.710	65536	8001	1240	165903504	13615.672	61808	0.000	100.000	0	253	0.000	163	0.000	0	0.000	2003	1.000	0	0.000	0.000	13	0.000	17	0	0.000
87	2026-09-24T22:53:20.579224451Z	87001	26	10000	5	2	12	17	0.000	9582	0.000	825099	1619.269	227814	51.008	209663	571.095	51668	147.024	12	0.000	2581264215	4062704.221	3361843895	85358.187	65536	7996	1260	165917564	14062.337	61808	0.000	100.000	0	253	0.000	163	0.000	0	0.000	2004	1.000	0	0.000	0.000	13	0.000	17	0	0.000
88	2026-09-24T22:53:21.578912826Z	88001	26	10000	5	2	12	17	0.000	9582	0.000	826760	1661.518	227885	71.022	210241	578.180	51812	144.045	12	0.000	2585251871	3988899.105	3361940086	96220.986	65536	8033	1257	165931183	13623.246	61808	0.000	100.000	0	253	0.000	163	0.000	0	0.000	2005	1.000	0	0.000	0.000	13	0.000	17	0	0.000
89	2026-09-24T22:53:22.57926161Z	89001	26	10000	5	2	12	17	0.000	9582	0.000	828442	1681.414	227966	80.972	210826	584.796	51967	154.946	12	0.000	2589507792	4254437.082	3362041916	101794.495	65536	8002	1252	165945602	14413.973	61809	1.000	99.993	0	253	0.000	163	0.000	0	0.000	2006	1.000	0	0.000	0.000	13	0.000	17	0	0.000
90	2026-09-24T22:53:23.579425554Z	90001	26	10000	5	3	12	17	0.000	9582	0.000	830001	1558.744	227997	30.995	211384	557.909	52116	148.976	12	0.000	2593633682	4125213.696	3362115827	73898.885	65536	8050	1254	165958991	13386.805	61809	0.000	100.000	0	253	0.000	163	0.000	0	0.000	2007	1.000	0	0.000	0.000	13	0.000	17	0	0.000
91	2026-09-24T22:53:24.579021029Z	91001	26	10000	5	3	12	17	0.000	9582	0.000	831652	1651.668	228039	42.017	211968	584.236	52259	143.058	12	0.000	2597558572	3926478.355	3362197518	81724.059	65536	8033	1239	165972149	13163.325	61809	0.000	100.000	0	253	0.000	163	0.000	0	0.000	2009	2.001	0	0.000	0.000	13	0.000	17	0	0.000
92	2026-09-24T22:53:25.579680455Z	92001	26	10000	5	2	12	17	0.000	9582	0.000	833329	1675.895	228090	50.966	212559	590.611	52407	147.902	12	0.000	2601633653	4072395.544	3362283577	86002.288	65536	8040	1229	165985857	13698.967	61809	0.000	100.000	0	253	0.000	163	0.000	0	0.000	2010	0.999	0	0.000	0.000	13	0.000	17	0	0.000
93	2026-09-24T22:53:26.57902549Z	93001	26	10000	5	2	12	17	0.000	9582	0.000	834984	1656.085	228121	31.020	213151	592.388	52560	153.100	12	0.000	2605819741	4188831.572	3362359968	76441.067	65536	8047	1233	165999830	13982.158	61810	1.001	99.993	0	253	0.000	163	0.000	0	0.000	2011	1.001	0	0.000	0.000	13	0.000	17	0	0.000
94	2026-09-24T22:53:27.578900309Z	94001	26	10000	5	2	12	17	0.000	9582	0.000	836624	1640.205	228182	61.008	213727	576.072	52710	150.019	12	0.000	2609980025	4160804.820	3362450923	90966.387	65536	8068	1240	166013779	13950.746	61811	1.000	99.993	0	253	0.000	163	0.000	0	0.000	2012	1.000	0	0.000	0.000	13	0.000	17	0	0.000
95	2026-09-24T22:53:28.579246411Z	95001	26	10000	5	2	12	17	0.000	9582	0.000	838344	1719.405	228233	50.982	214335	607.790	52867	156.946	12	0.000	2614294795	4313277.214	3362538788	87834.601	65536	8037	1248	166028294	14509.978	61811	0.000	100.000	0	253	0.000	163	0.000	0	0.000	2013	1.000	0	0.000	0.000	13	0.000	17	0	0.000
96	2026-09-24T22:53:29.579343872Z	96001	26	10000	5	2	12	17	0.000	9582	0.000	839913	1568.847	228274	40.996	214891	555.946	53007	139.986	12	0.000	2618148829	3853658.419	3362617524	78728.327	65536	8034	1244	166041295	12999.733	61811	0.000	100.000	0	253	0.000	163	0.000	0	0.000	2014	1.000	0	0.000	0.000	13	0.000	17	0	0.000
97	2026-09-24T22:53:30.579144726Z	97001	26	10000	5	2	12	17	0.000	9582	0.000	841488	1575.314	228305	31.006	215455	564.112	53156	149.030	12	0.000	2622274144	4126136.658	3362692282	74772.890	65536	8023	1219	166055182	13889.766	61811	0.000	100.000	0	253	0.000	163	0.000	0	0.000	2015	1.000	0	0.000	0.000	13	0.000	17	0	0.000
98	2026-09-24T22:53:31.579135979Z	98001	26	10000	5	2	12	17	0.000	9582	0.000	843172	1684.015	228356	51.000	216045	590.005	53294	138.001	12	0.000	2626080232	3806121.296	3362778525	86243.754	65536	8048	1211	166068280	13098.115	61811	0.000	100.000	0	253	0.000	163	0.000	0	0.000	2016	1.000	0	0.000	0.000	13	0.000	17	0	0.000
99	2026-09-24T22:53:32.578920658Z	99001	26	10000	5	3	12	17	0.000	9582	0.000	844939	1767.381	228437	81.017	216659	614.132	53451	157.034	12	0.000	2630404539	4325238.362	3362882336	103833.359	65536	8008	1248	166083412	15135.259	61811	0.000	100.000	0	253	0.000	163	0.000	0	0.000	2017	1.000	0	0.000	0.000	13	0.000	17	0	0.000
100	2026-09-24T22:53:33.579169342Z	100001	26	10000	5	2	12	17	0.000	9582	0.000	846596	1656.588	228478	40.990	217250	590.853	53609	157.961	12	0.000	2634733913	4328297.578	3362964125	81768.665	65536	8044	1228	166097944	14528.387	61812	1.000	99.993	0	253	0.000	163	0.000	0	0.000	2018	1.000	0	0.000	0.000	13	0.000	17	0	0.000
101	2026-09-24T22:53:34.579098463Z	101001	26	10000	5	2	12	17	0.000	9582	0.000	848178	1582.112	228543	65.005	217801	551.039	53747	138.010	12	0.000	2638575243	3841602.274	3363054417	90298.400	65536	8070	1240	166110921	12977.920	61812	0.000	100.000	0	253	0.000	163	0.000	0	0.000	2020	2.000	0	0.000	0.000	13	0.000	17	0	0.000
102	2026-09-24T22:53:35.578864142Z	102001	26	10000	5	2	12	17	0.000	9582	0.000	848429	251.059	228571	28.007	217880	79.019	53762	15.004	12	0.000	2639028841	453704.312	3363094854	40446.477	65536	8233	863	166112566	1645.386	61812	0.000	100.000	0	253	0.000	163	0.000	0	0.000	2021	1.000	0	0.000	0.000	13	0.000	17	0	0.000
103	2026-09-24T22:53:36.578744843Z	103001	26	10000	5	2	12	17	0.000	9582	0.000	848451	22.003	228592	21.003	217880	0.000	53762	0.000	12	0.000	2639053709	24870.967	3363126137	31286.733	65536	8233	502	166112566	0.000	61812	0.000	0.000	0	253	0.000	163	0.000	0	0.000	2022	1.000	0	0.000	0.000	13	0.000	17	0	0.000
104	2026-09-24T22:53:37.578846617Z	104001	26	10000	5	2	12	17	0.000	9582	0.000	848473	21.998	228613	20.998	217880	0.000	53762	0.000	12	0.000	2639078577	24865.469	3363157420	31279.816	65536	8233	368	166112566	0.000	61812	0.000	0.000	0	253	0.000	163	0.000	0	0.000	2023	1.000	0	0.000	0.000	13	0.000	17	0	0.000
105	2026-09-24T22:53:38.578769247Z	105001	26	10000	5	2	12	17	0.000	9582	0.000	848495	22.002	228634	21.002	217880	0.000	53762	0.000	12	0.000	2639103445	24869.924	3363188703	31285.420	65536	8233	272	166112566	0.000	61812	0.000	0.000	0	253	0.000	163	0.000	0	0.000	2024	1.000	0	0.000	0.000	13	0.000	17	0	0.000
106	2026-09-24T22:53:39.57917737Z	106001	26	10000	5	2	12	17	0.000	9582	0.000	848517	21.991	228655	20.991	217880	0.000	53762	0.000	12	0.000	2639128313	24857.855	3363219986	31270.238	65536	8233	197	166112566	0.000	61812	0.000	0.000	0	253	0.000	163	0.000	0	0.000	2025	1.000	0	0.000	0.000	13	0.000	17	0	0.000
107	2026-09-24T22:53:40.578819638Z	107001	26	10000	5	2	12	17	0.000	9582	0.000	848539	22.008	228676	21.008	217880	0.000	53762	0.000	12	0.000	2639153181	24876.899	3363251269	31294.195	65536	8231	139	166112746	180.064	61814	2.001	98.889	0	253	0.000	163	0.000	0	0.000	2026	1.000	0	0.000	0.000	13	0.000	17	0	0.000
108	2026-09-24T22:53:41.578785372Z	108001	26	10000	5	2	12	17	0.000	9582	0.000	848561	22.001	228697	21.001	217880	0.000	53762	0.000	12	0.000	2639178049	24868.852	3363282552	31284.072	65536	8231	90	166112746	0.000	61814	0.000	0.000	0	253	0.000	163	0.000	0	0.000	2027	1.000	0	0.000	0.000	13	0.000	17	0	0.000
109	2026-09-24T22:53:42.578768354Z	109001	26	10000	5	2	12	17	0.000	9582	0.000	848583	22.000	228718	21.000	217880	0.000	53762	0.000	12	0.000	2639202917	24868.423	3363313834	31282.532	65536	8232	65	166112746	0.000	61814	0.000	0.000	0	253	0.000	163	0.000	0	0.000	2028	1.000	0	0.000	0.000	13	0.000	17	0	0.000
110	2026-09-24T22:53:43.578811976Z	110001	26	10000	5	2	12	17	0.000	9582	0.000	848605	21.999	228739	20.999	217880	0.000	53762	0.000	12	0.000	2639227785	24866.916	3363345116	31280.636	65536	8232	40	166112746	0.000	61814	0.000	0.000	0	253	0.000	163	0.000	0	0.000	2029	1.000	0	0.000	0.000	13	0.000	17	0	0.000
111	2026-09-24T22:53:44.578816635Z	111001	26	10000	5	2	12	17	0.000	9582	0.000	848629	24.000	228761	22.000	217880	0.000	53762	0.000	12	0.000	2639253301	25515.881	3363377420	32303.849	65536	8232	15	166112746	0.000	61814	0.000	0.000	0	253	0.000	163	0.000	0	0.000	2031	2.000	0	0.000	0.000	13	0.000	17	0	0.000
112	2026-09-24T22:53:45.57889925Z	112001	26	10000	5	2	12	17	0.000	9582	0.000	848651	21.998	228782	20.998	217880	0.000	53762	0.000	12	0.000	2639278169	24865.946	3363408702	31279.416	65536	8232	0	166112746	0.000	61814	0.000	0.000	0	253	0.000	163	0.000	0	0.000	2032	1.000	0	0.000	0.000	13	0.000	17	0	0.000
113	2026-09-24T22:53:46.578866226Z	113001	26	10000	5	2	12	17	0.000	9582	0.000	848673	22.001	228803	21.001	217880	0.000	53762	0.000	12	0.000	2639303037	24868.822	3363439983	31282.033	65536	8232	0	166112746	0.000	61814	0.000	0.000	0	253	0.000	163	0.000	0	0.000	2033	1.000	0	0.000	0.000	13	0.000	17	0	0.000
114	2026-09-24T22:53:47.578927817Z	114001	26	10000	5	2	12	17	0.000	9582	0.000	848695	21.999	228824	20.999	217880	0.000	53762	0.000	12	0.000	2639327905	24866.468	3363471264	31279.073	65536	8232	0	166112746	0.000	61814	0.000	0.000	0	253	0.000	163	0.000	0	0.000	2034	1.000	0	0.000	0.000	13	0.000	17	0	0.000
115	2026-09-24T22:53:48.578769805Z	115001	26	10000	5	2	12	17	0.000	9582	0.000	848717	22.003	228845	21.003	217880	0.000	53762	0.000	12	0.000	2639352773	24871.930	3363502545	31285.944	65536	8232	0	166112746	0.000	61814	0.000	0.000	0	253	0.000	163	0.000	0	0.000	2035	1.000	0	0.000	0.000	13	0.000	17	0	0.000
116	2026-09-24T22:53:49.578846066Z	116001	26	10000	5	2	12	17	0.000	9582	0.000	848739	21.998	228866	20.998	217880	0.000	53762	0.000	12	0.000	2639377641	24866.103	3363533826	31278.614	65536	8232	0	166112746	0.000	61814	0.000	0.000	0	253	0.000	163	0.000	0	0.000	2036	1.000	0	0.000	0.000	13	0.000	17	0	0.000
117	2026-09-24T22:53:50.578893489Z	117001	26	10000	5	2	12	17	0.000	9582	0.000	848761	21.999	228887	20.999	217880	0.000	53762	0.000	12	0.000	2639402509	24866.821	3363565107	31279.517	65536	8230	7	166112894	147.993	61816	2.000	98.649	0	253	0.000	163	0.000	0	0.000	2037	1.000	0	0.000	0.000	13	0.000	17	0	0.000
118	2026-09-24T22:53:51.579009526Z	118001	26	10000	5	2	12	17	0.000	9582	0.000	848783	21.997	228908	20.998	217880	0.000	53762	0.000	12	0.000	2639427377	24865.115	3363596388	31277.371	65536	8230	0	166112894	0.000	61816	0.000	0.000	0	253	0.000	163	0.000	0	0.000	2038	1.000	0	0.000	0.000	13	0.000	17	0	0.000
119	2026-09-24T22:53:52.57882333Z	119001	26	10000	5	2	12	17	0.000	9582	0.000	848805	22.004	228929	21.004	217880	0.000	53762	0.000	12	0.000	2639452245	24872.631	3363627669	31286.825	65536	8230	0	166112894	0.000	61816	0.000	0.000	0	253	0.000	163	0.000	0	0.000	2039	1.000	0	0.000	0.000	13	0.000	17	0	0.000
120	2026-09-24T22:53:53.57888421Z	120001	26	10000	5	2	12	17	0.000	9582	0.000	848827	21.999	228950	20.999	217880	0.000	53762	0.000	12	0.000	2639477113	24866.486	3363658950	31279.096	65536	8230	0	166112894	0.000	61816	0.000	0.000	0	253	0.000	163	0.000	0	0.000	2040	1.000	0	0.000	0.000	13	0.000	17	0	0.000
121	2026-09-24T22:53:54.578917258Z	121001	26	10000	5	2	12	17	0.000	9582	0.000	848851	23.999	228972	21.999	217880	0.000	53762	0.000	12	0.000	2639502629	25515.157	3363691252	32300.932	65536	8230	0	166112894	0.000	61816	0.000	0.000	0	253	0.000	163	0.000	0	0.000	2042	2.000	0	0.000	0.000	13	0.000	17	0	0.000
122	2026-09-24T22:53:55.578767184Z	122001	26	10000	5	2	12	17	0.000	9582	0.000	848873	22.003	228993	21.003	217880	0.000	53762	0.000	12	0.000	2639527497	24871.733	3363722533	31285.695	65536	8230	0	166112894	0.000	61816	0.000	0.000	0	253	0.000	163	0.000	0	0.000	2043	1.000	0	0.000	0.000	13	0.000	17	0	0.000
123	2026-09-24T22:53:56.578806497Z	123001	26	10000	5	2	12	17	0.000	9582	0.000	848895	21.999	229014	20.999	217880	0.000	53762	0.000	12	0.000	2639552365	24867.022	3363753814	31279.770	65536	8230	0	166112894	0.000	61816	0.000	0.000	0	253	0.000	163	0.000	0	0.000	2044	1.000	0	0.000	0.000	13	0.000	17	0	0.000
124	2026-09-24T22:53:57.578861208Z	124001	26	10000	5	2	12	17	0.000	9582	0.000	848917	21.999	229035	20.999	217880	0.000	53762	0.000	12	0.000	2639577233	24866.639	3363785095	31279.289	65536	8230	0	166112894	0.000	61816	0.000	0.000	0	253	0.000	163	0.000	0	0.000	2045	1.000	0	0.000	0.000	13	0.000	17	0	0.000
125	2026-09-24T22:53:58.578907817Z	125001	26	10000	5	2	12	17	0.000	9582	0.000	848939	21.999	229056	20.999	217880	0.000	53762	0.000	12	0.000	2639602101	24866.841	3363816376	31279.542	65536	8230	0	166112894	0.000	61816	0.000	0.000	0	253	0.000	163	0.000	0	0.000	2046	1.000	0	0.000	0.000	13	0.000	17	0	0.000
126	2026-09-24T22:53:59.578936552Z	126001	26	10000	5	2	12	17	0.000	9582	0.000	848961	21.999	229077	20.999	217880	0.000	53762	0.000	12	0.000	2639626969	24867.285	3363847657	31280.101	65536	8230	0	166112894	0.000	61816	0.000	0.000	0	253	0.000	163	0.000	0	0.000	2047	1.000	0	0.000	0.000	13	0.000	17	0	0.000
127	2026-09-24T22:54:00.578851378Z	127001	26	10000	5	2	12	17	0.000	9582	0.000	848983	22.002	229098	21.002	217880	0.000	53762	0.000	12	0.000	2639651837	24870.118	3363878938	31283.664	65536	8230	0	166112894	0.000	61816	0.000	0.000	0	253	0.000	163	0.000	0	0.000	2048	1.000	0	0.000	0.000	13	0.000	17	0	0.000
128	2026-09-24T22:54:01.578844225Z	128001	26	10000	5	2	12	17	0.000	9582	0.000	849005	22.000	229119	21.000	217880	0.000	53762	0.000	12	0.000	2639676705	24868.178	3363910219	31281.224	65536	8230	0	166112894	0.000	61816	0.000	0.000	0	253	0.000	163	0.000	0	0.000	2049	1.000	0	0.000	0.000	13	0.000	17	0	0.000
129	2026-09-24T22:54:02.578838683Z	129001	26	10000	5	2	12	17	0.000	9582	0.000	849027	22.000	229140	21.000	217880	0.000	53762	0.000	12	0.000	2639701573	24868.138	3363941500	31281.173	65536	8230	0	166112894	0.000	61816	0.000	0.000	0	253	0.000	163	0.000	0	0.000	2050	1.000	0	0.000	0.000	13	0.000	17	0	0.000
130	2026-09-24T22:54:03.578825761Z	130001	26	10000	5	2	12	17	0.000	9582	0.000	849049	22.000	229161	21.000	217880	0.000	53762	0.000	12	0.000	2639726441	24868.321	3363972781	31281.404	65536	8230	0	166112894	0.000	61816	0.000	0.000	0	253	0.000	163	0.000	0	0.000	2051	1.000	0	0.000	0.000	13	0.000	17	0	0.000
131	2026-09-24T22:54:04.578773028Z	131001	26	10000	5	2	12	17	0.000	9582	0.000	849073	24.001	229183	22.001	217880	0.000	53762	0.000	12	0.000	2639751957	25517.345	3364005083	32303.703	65536	8230	0	166112894	0.000	61816	0.000	0.000	0	253	0.000	163	0.000	0	0.000	2053	2.000	0	0.000	0.000	13	0.000	17	0	0.000
132	2026-09-24T22:54:05.578874599Z	132001	26	10000	5	2	12	17	0.000	9582	0.000	849095	21.998	229204	20.998	217880	0.000	53762	0.000	12	0.000	2639776825	24865.474	3364036364	31277.823	65536	8230	0	166112894	0.000	61816	0.000	0.000	0	253	0.000	163	0.000	0	0.000	2054	1.000	0	0.000	0.000	13	0.000	17	0	0.000
133	2026-09-24T22:54:06.578779274Z	133001	26	10000	5	2	12	17	0.000	9582	0.000	849117	22.002	229225	21.002	217880	0.000	53762	0.000	12	0.000	2639801693	24870.371	3364067645	31283.982	65536	8230	0	166112894	0.000	61816	0.000	0.000	0	253	0.000	163	0.000	0	0.000	2055	1.000	0	0.000	0.000	13	0.000	17	0	0.000
134	2026-09-24T22:54:07.578826879Z	134001	26	10000	5	2	12	17	0.000	9582	0.000	849139	21.999	229246	20.999	217880	0.000	53762	0.000	12	0.000	2639826561	24866.816	3364098926	31279.511	65536	8230	0	166112894	0.000	61816	0.000	0.000	0	253	0.000	163	0.000	0	0.000	2056	1.000	0	0.000	0.000	13	0.000	17	0	0.000
135	2026-09-24T22:54:08.578837074Z	135001	26	10000	5	2	12	17	0.000	9582	0.000	849161	22.000	229267	21.000	217880	0.000	53762	0.000	12	0.000	2639851429	24867.746	3364130207	31280.681	65536	8230	0	166112894	0.000	61816	0.000	0.000	0	253	0.000	163	0.000	0	0.000	2057	1.000	0	0.000	0.000	13	0.000	17	0	0.000
136	2026-09-24T22:54:09.578783244Z	136001	26	10000	5	2	12	17	0.000	9582	0.000	849183	22.001	229288	21.001	217880	0.000	53762	0.000	12	0.000	2639876297	24869.339	3364161488	31282.684	65536	8230	0	166112894	0.000	61816	0.000	0.000	0	253	0.000	163	0.000	0	0.000	2058	1.000	0	0.000	0.000	13	0.000	17	0	0.000
137	2026-09-24T22:54:10.578786733Z	137001	26	10000	5	2	12	17	0.000	9582	0.000	849205	22.000	229309	21.000	217880	0.000	53762	0.000	12	0.000	2639901165	24867.913	3364192769	31280.891	65536	8230	0	166112894	0.000	61816	0.000	0.000	0	253	0.000	163	0.000	0	0.000	2059	1.000	0	0.000	0.000	13	0.000	17	0	0.000
138	2026-09-24T22:54:11.578817049Z	138001	26	10000	5	2	12	17	0.000	9582	0.000	849227	21.999	229330	20.999	217880	0.000	53762	0.000	12	0.000	2639926033	24867.246	3364224050	31280.052	65536	8230	0	166112894	0.000	61816	0.000	0.000	0	253	0.000	163	0.000	0	0.000	2060	1.000	0	0.000	0.000	13	0.000	17	0	0.000
139	2026-09-24T22:54:12.578753603Z	139001	26	10000	5	2	12	17	0.000	9582	0.000	849249	22.001	229351	21.001	217880	0.000	53762	0.000	12	0.000	2639950901	24869.578	3364255331	31282.984	65536	8230	0	166112894	0.000	61816	0.000	0.000	0	253	0.000	163	0.000	0	0.000	2061	1.000	0	0.000	0.000	13	0.000	17	0	0.000
140	2026-09-24T22:54:13.578746156Z	140001	26	10000	5	2	12	17	0.000	9582	0.000	849271	22.000	229372	21.000	217880	0.000	53762	0.000	12	0.000	2639975769	24868.185	3364286612	31281.233	65536	8230	0	166112894	0.000	61816	0.000	0.000	0	253	0.000	163	0.000	0	0.000	2062	1.000	0	0.000	0.000	13	0.000	17	0	0.000
141	2026-09-24T22:54:14.57879442Z	141001	26	10000	5	2	12	17	0.000	9582	0.000	849295	23.999	229394	21.999	217880	0.000	53762	0.000	12	0.000	2640001285	25514.769	3364318914	32300.441	65536	8230	0	166112894	0.000	61816	0.000	0.000	0	253	0.000	163	0.000	0	0.000	2064	2.000	0	0.000	0.000	13	0.000	17	0	0.000
142	2026-09-24T22:54:15.578791579Z	142001	26	10000	5	2	12	17	0.000	9582	0.000	849317	22.000	229415	21.000	217880	0.000	53762	0.000	12	0.000	2640026153	24868.071	3364350195	31281.089	65536	8230	0	166112894	0.000	61816	0.000	0.000	0	253	0.000	163	0.000	0	0.000	2065	1.000	0	0.000	0.000	13	0.000	17	0	0.000
143	2026-09-24T22:54:16.578779817Z	143001	26	10000	5	2	12	17	0.000	9582	0.000	849339	22.000	229436	21.000	217880	0.000	53762	0.000	12	0.000	2640051021	24868.292	3364381476	31281.368	65536	8230	0	166112894	0.000	61816	0.000	0.000	0	253	0.000	163	0.000	0	0.000	2066	1.000	0	0.000	0.000	13	0.000	17	0	0.000
144	2026-09-24T22:54:17.578797521Z	144001	26	10000	5	2	12	17	0.000	9582	0.000	849361	22.000	229457	21.000	217880	0.000	53762	0.000	12	0.000	2640075889	24867.560	3364412757	31280.446	65536	8230	0	166112894	0.000	61816	0.000	0.000	0	253	0.000	163	0.000	0	0.000	2067	1.000	0	0.000	0.000	13	0.000	17	0	0.000
145	2026-09-24T22:54:18.578757387Z	145001	26	10000	5	2	12	17	0.000	9582	0.000	849383	22.001	229478	21.001	217880	0.000	53762	0.000	12	0.000	2640100757	24868.998	3364444038	31282.255	65536	8230	0	166112894	0.000	61816	0.000	0.000	0	253	0.000	163	0.000	0	0.000	2068	1.000	0	0.000	0.000	13	0.000	17	0	0.000
146	2026-09-24T22:54:19.57873724Z	146001	26	10000	5	2	12	17	0.000	9582	0.000	849405	22.000	229499	21.000	217880	0.000	53762	0.000	12	0.000	2640125625	24868.501	3364475319	31281.630	65536	8230	0	166112894	0.000	61816	0.000	0.000	0	253	0.000	163	0.000	0	0.000	2069	1.000	0	0.000	0.000	13	0.000	17	0	0.000
147	2026-09-24T22:54:20.578877612Z	147001	26	10000	5	2	12	17	0.000	9582	0.000	849427	21.997	229520	20.997	217880	0.000	53762	0.000	12	0.000	2640150493	24864.508	3364506600	31276.607	65536	8230	0	166112894	0.000	61816	0.000	0.000	0	253	0.000	163	0.000	0	0.000	2070	1.000	0	0.000	0.000	13	0.000	17	0	0.000
148	2026-09-24T22:54:21.578763167Z	148001	26	10000	5	2	12	17	0.000	9582	0.000	849449	22.003	229541	21.002	217880	0.000	53762	0.000	12	0.000	2640175361	24870.848	3364537881	31284.583	65536	8230	0	166112894	0.000	61816	0.000	0.000	0	253	0.000	163	0.000	0	0.000	2071	1.000	0	0.000	0.000	13	0.000	17	0	0.000
149	2026-09-24T22:54:22.57905427Z	149001	26	10000	5	2	12	17	0.000	9582	0.000	849471	21.994	229562	20.994	217880	0.000	53762	0.000	12	0.000	2640200229	24860.763	3364569162	31271.897	65536	8230	0	166112894	0.000	61816	0.000	0.000	0	253	0.000	163	0.000	0	0.000	2072	1.000	0	0.000	0.000	13	0.000	17	0	0.000
150	2026-09-24T22:54:23.578756824Z	150001	26	10000	5	2	12	17	0.000	9582	0.000	849493	22.007	229583	21.006	217880	0.000	53762	0.000	12	0.000	2640225097	24875.399	3364600443	31290.307	65536	8230	0	166112894	0.000	61816	0.000	0.000	0	253	0.000	163	0.000	0	0.000	2073	1.000	0	0.000	0.000	13	0.000	17	0	0.000
151	2026-09-24T22:54:24.578782295Z	151001	26	10000	5	2	12	17	0.000	9582	0.000	849517	23.999	229605	21.999	217880	0.000	53762	0.000	12	0.000	2640250613	25515.350	3364632745	32301.177	65536	8230	0	166112894	0.000	61816	0.000	0.000	0	253	0.000	163	0.000	0	0.000	2075	2.000	0	0.000	0.000	13	0.000	17	0	0.000
152	2026-09-24T22:54:25.578799591Z	152001	26	10000	5	2	12	17	0.000	9582	0.000	849539	22.000	229626	21.000	217880	0.000	53762	0.000	12	0.000	2640275481	24867.570	3364664026	31280.459	65536	8230	0	166112894	0.000	61816	0.000	0.000	0	253	0.000	163	0.000	0	0.000	2076	1.000	0	0.000	0.000	13	0.000	17	0	0.000
153	2026-09-24T22:54:26.578887508Z	153001	26	10000	5	2	12	17	0.000	9582	0.000	849561	21.998	229647	20.998	217880	0.000	53762	0.000	12	0.000	2640300349	24865.814	3364695307	31278.250	65536	8230	0	166112894	0.000	61816	0.000	0.000	0	253	0.000	163	0.000	0	0.000	2077	1.000	0	0.000	0.000	13	0.000	17	0	0.000
154	2026-09-24T22:54:27.578786837Z	154001	26	10000	5	2	12	17	0.000	9582	0.000	849583	22.002	229668	21.002	217880	0.000	53762	0.000	12	0.000	2640325217	24870.504	3364726588	31284.150	65536	8230	0	166112894	0.000	61816	0.000	0.000	0	253	0.000	163	0.000	0	0.000	2078	1.000	0	0.000	0.000	13	0.000	17	0	0.000
155	2026-09-24T22:54:28.578814641Z	155001	26	10000	5	2	12	17	0.000	9582	0.000	849605	21.999	229689	20.999	217880	0.000	53762	0.000	12	0.000	2640350085	24867.308	3364757869	31280.130	65536	8230	0	166112894	0.000	61816	0.000	0.000	0	253	0.000	163	0.000	0	0.000	2079	1.000	0	0.000	0.000	13	0.000	17	0	0.000
156	2026-09-24T22:54:29.578789174Z	156001	26	10000	5	2	12	17	0.000	9582	0.000	849627	22.001	229710	21.001	217880	0.000	53762	0.000	12	0.000	2640374953	24868.634	3364789150	31281.797	65536	8230	0	166112894	0.000	61816	0.000	0.000	0	253	0.000	163	0.000	0	0.000	2080	1.000	0	0.000	0.000	13	0.000	17	0	0.000
157	2026-09-24T22:54:30.578870314Z	157001	26	10000	5	2	12	17	0.000	9582	0.000	849649	21.998	229731	20.998	217880	0.000	53762	0.000	12	0.000	2640399821	24865.982	3364820431	31278.462	65536	8230	0	166112894	0.000	61816	0.000	0.000	0	253	0.000	163	0.000	0	0.000	2081	1.000	0	0.000	0.000	13	0.000	17	0	0.000
158	2026-09-24T22:54:31.578866592Z	158001	26	10000	5	2	12	17	0.000	9582	0.000	849671	22.000	229752	21.000	217880	0.000	53762	0.000	12	0.000	2640424689	24868.093	3364851712	31281.117	65536	8230	0	166112894	0.000	61816	0.000	0.000	0	253	0.000	163	0.000	0	0.000	2082	1.000	0	0.000	0.000	13	0.000	17	0	0.000
159	2026-09-24T22:54:32.578880166Z	159001	26	10000	5	2	12	17	0.000	9582	0.000	849693	22.000	229773	21.000	217880	0.000	53762	0.000	12	0.000	2640449557	24867.663	3364882993	31280.576	65536	8230	0	166112894	0.000	61816	0.000	0.000	0	253	0.000	163	0.000	0	0.000	2083	1.000	0	0.000	0.000	13	0.000	17	0	0.000
160	2026-09-24T22:54:33.578850722Z	160001	26	10000	5	2	12	17	0.000	9582	0.000	849715	22.001	229794	21.001	217880	0.000	53762	0.000	12	0.000	2640474425	24868.732	3364914274	31281.921	65536	8230	0	166112894	0.000	61816	0.000	0.000	0	253	0.000	163	0.000	0	0.000	2084	1.000	0	0.000	0.000	13	0.000	17	0	0.000
161	2026-09-24T22:54:34.5788396Z	161001	26	10000	5	2	12	17	0.000	9582	0.000	849739	24.000	229816	22.000	217880	0.000	53762	0.000	12	0.000	2640499941	25516.284	3364946576	32302.360	65536	8230	0	166112894	0.000	61816	0.000	0.000	0	253	0.000	163	0.000	0	0.000	2086	2.000	0	0.000	0.000	13	0.000	17	0	0.000
162	2026-09-24T22:54:35.57887265Z	162001	26	10000	5	2	12	17	0.000	9582	0.000	849761	21.999	229837	20.999	217880	0.000	53762	0.000	12	0.000	2640524809	24867.178	3364977857	31279.966	65536	8230	0	166112894	0.000	61816	0.000	0.000	0	253	0.000	163	0.000	0	0.000	2087	1.000	0	0.000	0.000	13	0.000	17	0	0.000
163	2026-09-24T22:54:36.578907812Z	163001	26	10000	5	2	12	17	0.000	9582	0.000	849783	21.999	229858	20.999	217880	0.000	53762	0.000	12	0.000	2640549677	24867.126	3365009138	31279.900	65536	8230	0	166112894	0.000	61816	0.000	0.000	0	253	0.000	163	0.000	0	0.000	2088	1.000	0	0.000	0.000	13	0.000	17	0	0.000
164	2026-09-24T22:54:37.578817959Z	164001	26	10000	5	2	12	17	0.000	9582	0.000	849805	22.002	229879	21.002	217880	0.000	53762	0.000	12	0.000	2640574545	24870.235	3365040419	31283.811	65536	8230	0	166112894	0.000	61816	0.000	0.000	0	253	0.000	163	0.000	0	0.000	2089	1.000	0	0.000	0.000	13	0.000	17	0	0.000
165	2026-09-24T22:54:38.578811647Z	165001	26	10000	5	2	12	17	0.000	9582	0.000	849827	22.000	229900	21.000	217880	0.000	53762	0.000	12	0.000	2640599413	24868.157	3365071700	31281.197	65536	8230	0	166112894	0.000	61816	0.000	0.000	0	253	0.000	163	0.000	0	0.000	2090	1.000	0	0.000	0.000	13	0.000	17	0	0.000
166	2026-09-24T22:54:39.578854744Z	166001	26	10000	5	2	12	17	0.000	9582	0.000	849849	21.999	229921	20.999	217880	0.000	53762	0.000	12	0.000	2640624281	24866.928	3365102981	31279.652	65536	8230	0	166112894	0.000	61816	0.000	0.000	0	253	0.000	163	0.000	0	0.000	2091	1.000	0	0.000	0.000	13	0.000	17	0	0.000
167	2026-09-24T22:54:40.578868311Z	167001	26	10000	5	2	12	17	0.000	9582	0.000	849871	22.000	229942	21.000	217880	0.000	53762	0.000	12	0.000	2640649149	24867.663	3365134262	31280.576	65536	8230	0	166112894	0.000	61816	0.000	0.000	0	253	0.000	163	0.000	0	0.000	2092	1.000	0	0.000	0.000	13	0.000	17	0	0.000
168	2026-09-24T22:54:41.578765979Z	168001	26	10000	5	2	12	17	0.000	9582	0.000	849893	22.002	229963	21.002	217880	0.000	53762	0.000	12	0.000	2640674017	24870.545	3365165543	31284.202	65536	8230	0	166112894	0.000	61816	0.000	0.000	0	253	0.000	163	0.000	0	0.000	2093	1.000	0	0.000	0.000	13	0.000	17	0	0.000
169	2026-09-24T22:54:42.578743696Z	169001	26	10000	5	2	12	17	0.000	9582	0.000	849915	22.000	229984	21.000	217880	0.000	53762	0.000	12	0.000	2640698885	24868.554	3365196824	31281.697	65536	8230	0	166112894	0.000	61816	0.000	0.000	0	253	0.000	163	0.000	0	0.000	2094	1.000	0	0.000	0.000	13	0.000	17	0	0.000
170	2026-09-24T22:54:43.578727882Z	170000	26	10000	5	2	12	17	0.000	9582	0.000	849937	22.000	230005	21.000	217880	0.000	53762	0.000	12	0.000	2640723753	24868.393	3365228105	31281.494	65536	8230	0	166112894	0.000	61816	0.000	0.000	0	253	0.000	163	0.000	0	0.000	2095	1.000	0	0.000	0.000	13	0.000	17	0	0.000
171	2026-09-24T22:54:44.57875015Z	171001	26	10000	5	2	12	17	0.000	9582	0.000	849961	23.999	230027	22.000	217880	0.000	53762	0.000	12	0.000	2640749269	25515.432	3365260407	32301.281	65536	8230	0	166112894	0.000	61816	0.000	0.000	0	253	0.000	163	0.000	0	0.000	2097	2.000	0	0.000	0.000	13	0.000	17	0	0.000
172	2026-09-24T22:54:45.578715705Z	172000	26	10000	5	2	12	17	0.000	9582	0.000	849983	22.001	230048	21.001	217880	0.000	53762	0.000	12	0.000	2640774137	24868.857	3365291688	31282.077	65536	8230	0	166112894	0.000	61816	0.000	0.000	0	253	0.000	163	0.000	0	0.000	2098	1.000	0	0.000	0.000	13	0.000	17	0	0.000
173	2026-09-24T22:54:46.578934075Z	173001	26	10000	5	2	12	17	0.000	9582	0.000	850005	21.995	230069	20.995	217880	0.000	53762	0.000	12	0.000	2640799005	24862.571	3365322969	31274.171	65536	8230	0	166112894	0.000	61816	0.000	0.000	0	253	0.000	163	0.000	0	0.000	2099	1.000	0	0.000	0.000	13	0.000	17	0	0.000
174	2026-09-24T22:54:47.578778463Z	174001	26	10000	5	2	12	17	0.000	9582	0.000	850027	22.003	230090	21.003	217880	0.000	53762	0.000	12	0.000	2640823873	24871.870	3365354250	31285.868	65536	8230	0	166112894	0.000	61816	0.000	0.000	0	253	0.000	163	0.000	0	0.000	2100	1.000	0	0.000	0.000	13	0.000	17	0	0.000
175	2026-09-24T22:54:48.578766329Z	175001	26	10000	5	2	12	17	0.000	9582	0.000	850049	22.000	230111	21.000	217880	0.000	53762	0.000	12	0.000	2640848741	24868.302	3365385531	31281.380	65536	8230	0	166112894	0.000	61816	0.000	0.000	0	253	0.000	163	0.000	0	0.000	2101	1.000	0	0.000	0.000	13	0.000	17	0	0.000
176	2026-09-24T22:54:49.578775557Z	176001	26	10000	5	2	12	17	0.000	9582	0.000	850071	22.000	230132	21.000	217880	0.000	53762	0.000	12	0.000	2640873609	24867.770	3365416812	31280.711	65536	8230	0	166112894	0.000	61816	0.000	0.000	0	253	0.000	163	0.000	0	0.000	2102	1.000	0	0.000	0.000	13	0.000	17	0	0.000
177	2026-09-24T22:54:50.57885551Z	177001	26	10000	5	2	12	17	0.000	9582	0.000	850093	21.998	230153	20.998	217880	0.000	53762	0.000	12	0.000	2640898477	24866.012	3365448093	31278.499	65536	8230	0	166112894	0.000	61816	0.000	0.000	0	253	0.000	163	0.000	0	0.000	2103	1.000	0	0.000	0.000	13	0.000	17	0	0.000
178	2026-09-24T22:54:51.578756791Z	178001	26	10000	5	2	12	17	0.000	9582	0.000	850115	22.002	230174	21.002	217880	0.000	53762	0.000	12	0.000	2640923345	24870.455	3365479374	31284.089	65536	8230	0	166112894	0.000	61816	0.000	0.000	0	253	0.000	163	0.000	0	0.000	2104	1.000	0	0.000	0.000	13	0.000	17	0	0.000
179	2026-09-24T22:54:52.578772605Z	179001	26	10000	5	2	12	17	0.000	9582	0.000	850137	22.000	230195	21.000	217880	0.000	53762	0.000	12	0.000	2640948213	24867.607	3365510655	31280.506	65536	8230	0	166112894	0.000	61816	0.000	0.000	0	253	0.000	163	0.000	0	0.000	2105	1.000	0	0.000	0.000	13	0.000	17	0	0.000
180	2026-09-24T22:54:53.578839269Z	180001	26	10000	5	2	12	17	0.000	9582	0.000	850159	21.999	230216	20.999	217880	0.000	53762	0.000	12	0.000	2640973081	24866.342	3365541936	31278.915	65536	8230	0	166112894	0.000	61816	0.000	0.000	0	253	0.000	163	0.000	0	0.000	2106	1.000	0	0.000	0.000	13	0.000	17	0	0.000
181	2026-09-24T22:54:54.578796208Z	181001	26	10000	5	2	12	17	0.000	9582	0.000	850183	24.001	230238	22.001	217880	0.000	53762	0.000	12	0.000	2640998597	25517.099	3365574238	32303.391	65536	8230	0	166112894	0.000	61816	0.000	0.000	0	253	0.000	163	0.000	0	0.000	2108	2.000	0	0.000	0.000	13	0.000	17	0	0.000
182	2026-09-24T22:54:55.578769654Z	182001	26	10000	5	2	12	17	0.000	9582	0.000	850205	22.001	230259	21.001	217880	0.000	53762	0.000	12	0.000	2641023465	24868.660	3365605519	31281.831	65536	8230	0	166112894	0.000	61816	0.000	0.000	0	253	0.000	163	0.000	0	0.000	2109	1.000	0	0.000	0.000	13	0.000	17	0	0.000
183	2026-09-24T22:54:56.578748766Z	183001	26	10000	5	2	12	17	0.000	9582	0.000	850227	22.000	230280	21.000	217880	0.000	53762	0.000	12	0.000	2641048333	24868.520	3365636800	31281.654	65536	8230	0	166112894	0.000	61816	0.000	0.000	0	253	0.000	163	0.000	0	0.000	2110	1.000	0	0.000	0.000	13	0.000	17	0	0.000
184	2026-09-24T22:54:57.578786992Z	184001	26	10000	5	2	12	17	0.000	9582	0.000	850249	21.999	230301	20.999	217880	0.000	53762	0.000	12	0.000	2641073201	24867.050	3365668081	31279.805	65536	8230	0	166112894	0.000	61816	0.000	0.000	0	253	0.000	163	0.000	0	0.000	2111	1.000	0	0.000	0.000	13	0.000	17	0	0.000
185	2026-09-24T22:54:58.578838617Z	185001	26	10000	5	2	12	17	0.000	9582	0.000	850271	21.999	230322	20.999	217880	0.000	53762	0.000	12	0.000	2641098069	24866.716	3365699362	31279.385	65536	8230	0	166112894	0.000	61816	0.000	0.000	0	253	0.000	163	0.000	0	0.000	2112	1.000	0	0.000	0.000	13	0.000	17	0	0.000
186	2026-09-24T22:54:59.578754706Z	186001	26	10000	5	2	12	17	0.000	9582	0.000	850293	22.002	230343	21.002	217880	0.000	53762	0.000	12	0.000	2641122937	24870.087	3365730643	31283.625	65536	8230	0	166112894	0.000	61816	0.000	0.000	0	253	0.000	163	0.000	0	0.000	2113	1.000	0	0.000	0.000	13	0.000	17	0	0.000
187	2026-09-24T22:55:00.578747794Z	187001	26	10000	5	2	12	17	0.000	9582	0.000	850315	22.000	230364	21.000	217880	0.000	53762	0.000	12	0.000	2641147805	24868.172	3365761924	31281.216	65536	8230	0	166112894	0.000	61816	0.000	0.000	0	253	0.000	163	0.000	0	0.000	2114	1.000	0	0.000	0.000	13	0.000	17	0	0.000
188	2026-09-24T22:55:01.578781914Z	188001	26	10000	5	2	12	17	0.000	9582	0.000	850337	21.999	230385	20.999	217880	0.000	53762	0.000	12	0.000	2641172673	24867.151	3365793205	31279.933	65536	8230	0	166112894	0.000	61816	0.000	0.000	0	253	0.000	163	0.000	0	0.000	2115	1.000	0	0.000	0.000	13	0.000	17	0	0.000
189	2026-09-24T22:55:02.578789571Z	189001	26	10000	5	2	12	17	0.000	9582	0.000	850359	22.000	230406	21.000	217880	0.000	53762	0.000	12	0.000	2641197541	24867.810	3365824486	31280.761	65536	8230	0	166112894	0.000	61816	0.000	0.000	0	253	0.000	163	0.000	0	0.000	2116	1.000	0	0.000	0.000	13	0.000	17	0	0.000
190	2026-09-24T22:55:03.578789999Z	190001	26	10000	5	2	12	17	0.000	9582	0.000	850381	22.000	230427	21.000	217880	0.000	53762	0.000	12	0.000	2641222409	24867.989	3365855767	31280.987	65536	8230	0	166112894	0.000	61816	0.000	0.000	0	253	0.000	163	0.000	0	0.000	2117	1.000	0	0.000	0.000	13	0.000	17	0	0.000
191	2026-09-24T22:55:04.578815899Z	191001	26	10000	5	2	12	17	0.000	9582	0.000	850405	23.999	230449	21.999	217880	0.000	53762	0.000	12	0.000	2641247925	25515.339	3365888069	32301.163	65536	8230	0	166112894	0.000	61816	0.000	0.000	0	253	0.000	163	0.000	0	0.000	2119	2.000	0	0.000	0.000	13	0.000	17	0	0.000
192	2026-09-24T22:55:05.578865165Z	192001	26	10000	5	2	12	17	0.000	9582	0.000	850427	21.999	230470	20.999	217880	0.000	53762	0.000	12	0.000	2641272793	24866.775	3365919350	31279.459	65536	8230	0	166112894	0.000	61816	0.000	0.000	0	253	0.000	163	0.000	0	0.000	2120	1.000	0	0.000	0.000	13	0.000	17	0	0.000
193	2026-09-24T22:55:06.578757684Z	193001	26	10000	5	2	12	17	0.000	9582	0.000	850449	22.002	230491	21.002	217880	0.000	53762	0.000	12	0.000	2641297661	24870.673	3365950631	31284.363	65536	8230	0	166112894	0.000	61816	0.000	0.000	0	253	0.000	163	0.000	0	0.000	2121	1.000	0	0.000	0.000	13	0.000	17	0	0.000
194	2026-09-24T22:55:07.578811637Z	194001	26	10000	5	2	12	17	0.000	9582	0.000	850471	21.999	230512	20.999	217880	0.000	53762	0.000	12	0.000	2641322529	24866.658	3365981912	31279.312	65536	8230	0	166112894	0.000	61816	0.000	0.000	0	253	0.000	163	0.000	0	0.000	2122	1.000	0	0.000	0.000	13	0.000	17	0	0.000
195	2026-09-24T22:55:08.579498991Z	195001	26	10000	5	2	12	17	0.000	9582	0.000	850493	21.985	230533	20.986	217880	0.000	53762	0.000	12	0.000	2641347397	24850.919	3366013193	31259.514	65536	8230	0	166112894	0.000	61816	0.000	0.000	0	253	0.000	163	0.000	0	0.000	2123	0.999	0	0.000	0.000	13	0.000	17	0	0.000
196	2026-09-24T22:55:09.578783142Z	196001	26	10000	5	2	12	17	0.000	9582	0.000	850515	22.016	230554	21.015	217880	0.000	53762	0.000	12	0.000	2641372265	24885.814	3366044474	31303.408	65536	8230	0	166112894	0.000	61816	0.000	0.000	0	253	0.000	163	0.000	0	0.000	2124	1.001	0	0.000	0.000	13	0.000	17	0	0.000
197	2026-09-24T22:55:10.578779685Z	197001	26	10000	5	2	12	17	0.000	9582	0.000	850537	22.000	230575	21.000	217880	0.000	53762	0.000	12	0.000	2641397133	24868.086	3366075755	31281.108	65536	8230	0	166112894	0.000	61816	0.000	0.000	0	253	0.000	163	0.000	0	0.000	2125	1.000	0	0.000	0.000	13	0.000	17	0	0.000
198	2026-09-24T22:55:11.57877623Z	198001	26	10000	5	2	12	17	0.000	9582	0.000	850559	22.000	230596	21.000	217880	0.000	53762	0.000	12	0.000	2641422001	24868.086	3366107036	31281.108	65536	8230	0	166112894	0.000	61816	0.000	0.000	0	253	0.000	163	0.000	0	0.000	2126	1.000	0	0.000	0.000	13	0.000	17	0	0.000
199	2026-09-24T22:55:12.578783624Z	199001	26	10000	5	2	12	17	0.000	9582	0.000	850581	22.000	230617	21.000	217880	0.000	53762	0.000	12	0.000	2641446869	24867.816	3366138317	31280.769	65536	8230	0	166112894	0.000	61816	0.000	0.000	0	253	0.000	163	0.000	0	0.000	2127	1.000	0	0.000	0.000	13	0.000	17	0	0.000
200	2026-09-24T22:55:13.578832323Z	200001	26	10000	5	2	12	17	0.000	9582	0.000	850603	21.999	230638	20.999	217880	0.000	53762	0.000	12	0.000	2641471737	24866.789	3366169598	31279.477	65536	8230	0	166112894	0.000	61816	0.000	0.000	0	253	0.000	163	0.000	0	0.000	2128	1.000	0	0.000	0.000	13	0.000	17	0	0.000
201	2026-09-24T22:55:14.578749062Z	201001	26	10000	5	2	12	17	0.000	9582	0.000	850627	24.002	230660	22.002	217880	0.000	53762	0.000	12	0.000	2641497253	25518.125	3366201900	32304.690	65536	8230	0	166112894	0.000	61816	0.000	0.000	0	253	0.000	163	0.000	0	0.000	2130	2.000	0	0.000	0.000	13	0.000	17	0	0.000
202	2026-09-24T22:55:15.578726821Z	202000	26	10000	5	2	12	17	0.000	9582	0.000	850649	22.000	230681	21.000	217880	0.000	53762	0.000	12	0.000	2641522121	24868.553	3366233181	31281.696	65536	8230	0	166112894	0.000	61816	0.000	0.000	0	253	0.000	163	0.000	0	0.000	2131	1.000	0	0.000	0.000	13	0.000	17	0	0.000
203	2026-09-24T22:55:16.578724603Z	203000	26	10000	5	2	12	17	0.000	9582	0.000	850671	22.000	230702	21.000	217880	0.000	53762	0.000	12	0.000	2641546989	24868.055	3366264462	31281.069	65536	8230	0	166112894	0.000	61816	0.000	0.000	0	253	0.000	163	0.000	0	0.000	2132	1.000	0	0.000	0.000	13	0.000	17	0	0.000
204	2026-09-24T22:55:17.578777037Z	204001	26	10000	5	2	12	17	0.000	9582	0.000	850693	21.999	230723	20.999	217880	0.000	53762	0.000	12	0.000	2641571857	24866.696	3366295743	31279.360	65536	8230	0	166112894	0.000	61816	0.000	0.000	0	253	0.000	163	0.000	0	0.000	2133	1.000	0	0.000	0.000	13	0.000	17	0	0.000
205	2026-09-24T22:55:18.578741861Z	205001	26	10000	5	2	12	17	0.000	9582	0.000	850715	22.001	230744	21.001	217880	0.000	53762	0.000	12	0.000	2641596725	24868.875	3366327024	31282.100	65536	8230	0	166112894	0.000	61816	0.000	0.000	0	253	0.000	163	0.000	0	0.000	2134	1.000	0	0.000	0.000	13	0.000	17	0	0.000
206	2026-09-24T22:55:19.578750091Z	206001	26	10000	5	2	12	17	0.000	9582	0.000	850737	22.000	230765	21.000	217880	0.000	53762	0.000	12	0.000	2641621593	24867.795	3366358305	31280.743	65536	8230	0	166112894	0.000	61816	0.000	0.000	0	253	0.000	163	0.000	0	0.000	2135	1.000	0	0.000	0.000	13	0.000	17	0	0.000
207	2026-09-24T22:55:20.578892463Z	207001	26	10000	5	2	12	17	0.000	9582	0.000	850759	21.997	230786	20.997	217880	0.000	53762	0.000	12	0.000	2641646461	24864.460	3366389586	31276.547	65536	8230	0	166112894	0.000	61816	0.000	0.000	0	253	0.000	163	0.000	0	0.000	2136	1.000	0	0.000	0.000	13	0.000	17	0	0.000
208	2026-09-24T22:55:21.578792248Z	208001	26	10000	5	2	12	17	0.000	9582	0.000	850781	22.002	230807	21.002	217880	0.000	53762	0.000	12	0.000	2641671329	24870.492	3366420867	31284.135	65536	8230	0	166112894	0.000	61816	0.000	0.000	0	253	0.000	163	0.000	0	0.000	2137	1.000	0	0.000	0.000	13	0.000	17	0	0.000
209	2026-09-24T22:55:22.578754807Z	209001	26	10000	5	2	12	17	0.000	9582	0.000	850803	22.001	230828	21.001	217880	0.000	53762	0.000	12	0.000	2641696197	24868.931	3366452148	31282.171	65536	8230	0	166112894	0.000	61816	0.000	0.000	0	253	0.000	163	0.000	0	0.000	2138	1.000	0	0.000	0.000	13	0.000	17	0	0.000
210	2026-09-24T22:55:23.578794594Z	210001	26	10000	5	2	12	17	0.000	9582	0.000	850825	21.999	230849	20.999	217880	0.000	53762	0.000	12	0.000	2641721065	24867.011	3366483429	31279.756	65536	8230	0	166112894	0.000	61816	0.000	0.000	0	253	0.000	163	0.000	0	0.000	2139	1.000	0	0.000	0.000	13	0.000	17	0	0.000
211	2026-09-24T22:55:24.578763974Z	211001	26	10000	5	2	12	17	0.000	9582	0.000	850849	24.001	230871	22.001	217880	0.000	53762	0.000	12	0.000	2641746581	25516.781	3366515731	32302.989	65536	8230	0	166112894	0.000	61816	0.000	0.000	0	253	0.000	163	0.000	0	0.000	2141	2.000	0	0.000	0.000	13	0.000	17	0	0.000
212	2026-09-24T22:55:25.578820661Z	212001	26	10000	5	2	12	17	0.000	9582	0.000	850871	21.999	230892	20.999	217880	0.000	53762	0.000	12	0.000	2641771449	24866.590	3366547012	31279.227	65536	8230	0	166112894	0.000	61816	0.000	0.000	0	253	0.000	163	0.000	0	0.000	2142	1.000	0	0.000	0.000	13	0.000	17	0	0.000
213	2026-09-24T22:55:26.578848526Z	213001	26	10000	5	2	12	17	0.000	9582	0.000	850893	21.999	230913	20.999	217880	0.000	53762	0.000	12	0.000	2641796317	24867.307	3366578293	31280.128	65536	8230	0	166112894	0.000	61816	0.000	0.000	0	253	0.000	163	0.000	0	0.000	2143	1.000	0	0.000	0.000	13	0.000	17	0	0.000
214	2026-09-24T22:55:27.578782676Z	214001	26	10000	5	2	12	17	0.000	9582	0.000	850915	22.001	230934	21.001	217880	0.000	53762	0.000	12	0.000	2641821185	24869.638	3366609574	31283.060	65536	8230	0	166112894	0.000	61816	0.000	0.000	0	253	0.000	163	0.000	0	0.000	2144	1.000	0	0.000	0.000	13	0.000	17	0	0.000
215	2026-09-24T22:55:28.578842336Z	215001	26	10000	5	2	12	17	0.000	9582	0.000	850937	21.999	230955	20.999	217880	0.000	53762	0.000	12	0.000	2641846053	24866.516	3366640855	31279.134	65536	8230	0	166112894	0.000	61816	0.000	0.000	0	253	0.000	163	0.000	0	0.000	2145	1.000	0	0.000	0.000	13	0.000	17	0	0.000
216	2026-09-24T22:55:29.578771256Z	216001	26	10000	5	2	12	17	0.000	9582	0.000	850959	22.002	230976	21.001	217880	0.000	53762	0.000	12	0.000	2641870921	24869.768	3366672136	31283.224	65536	8230	0	166112894	0.000	61816	0.000	0.000	0	253	0.000	163	0.000	0	0.000	2146	1.000	0	0.000	0.000	13	0.000	17	0	0.000
217	2026-09-24T22:55:30.57878097Z	217001	26	10000	5	2	12	17	0.000	9582	0.000	850981	22.000	230997	21.000	217880	0.000	53762	0.000	12	0.000	2641895789	24867.758	3366703417	31280.696	65536	8230	0	166112894	0.000	61816	0.000	0.000	0	253	0.000	163	0.000	0	0.000	2147	1.000	0	0.000	0.000	13	0.000	17	0	0.000
218	2026-09-24T22:55:31.578785224Z	218001	26	10000	5	2	12	17	0.000	9582	0.000	851003	22.000	231018	21.000	217880	0.000	53762	0.000	12	0.000	2641920657	24867.894	3366734698	31280.867	65536	8230	0	166112894	0.000	61816	0.000	0.000	0	253	0.000	163	0.000	0	0.000	2148	1.000	0	0.000	0.000	13	0.000	17	0	0.000
219	2026-09-24T22:55:32.578814799Z	219001	26	10000	5	2	12	17	0.000	9582	0.000	851025	21.999	231039	20.999	217880	0.000	53762	0.000	12	0.000	2641945525	24867.264	3366765979	31280.075	65536	8230	0	166112894	0.000	61816	0.000	0.000	0	253	0.000	163	0.000	0	0.000	2149	1.000	0	0.000	0.000	13	0.000	17	0	0.000
220	2026-09-24T22:55:33.578753384Z	220001	26	10000	5	2	12	17	0.000	9582	0.000	851047	22.001	231060	21.001	217880	0.000	53762	0.000	12	0.000	2641970393	24869.527	3366797260	31282.921	65536	8230	0	166112894	0.000	61816	0.000	0.000	0	253	0.000	163	0.000	0	0.000	2150	1.000	0	0.000	0.000	13	0.000	17	0	0.000
221	2026-09-24T22:55:34.578748073Z	221001	26	10000	5	2	12	17	0.000	9582	0.000	851071	24.000	231082	22.000	217880	0.000	53762	0.000	12	0.000	2641995909	25516.135	3366829562	32302.172	65536	8230	0	166112894	0.000	61816	0.000	0.000	0	253	0.000	163	0.000	0	0.000	2152	2.000	0	0.000	0.000	13	0.000	17	0	0.000
222	2026-09-24T22:55:35.578841306Z	222001	26	10000	5	2	12	17	0.000	9582	0.000	851093	21.998	231103	20.998	217880	0.000	53762	0.000	12	0.000	2642020777	24865.682	3366860843	31278.084	65536	8230	0	166112894	0.000	61816	0.000	0.000	0	253	0.000	163	0.000	0	0.000	2153	1.000	0	0.000	0.000	13	0.000	17	0	0.000
223	2026-09-24T22:55:36.578824672Z	223001	26	10000	5	2	12	17	0.000	9582	0.000	851115	22.000	231124	21.000	217880	0.000	53762	0.000	12	0.000	2642045645	24868.414	3366892124	31281.520	65536	8230	0	166112894	0.000	61816	0.000	0.000	0	253	0.000	163	0.000	0	0.000	2154	1.000	0	0.000	0.000	13	0.000	17	0	0.000
224	2026-09-24T22:55:37.578794805Z	224001	26	10000	5	2	12	17	0.000	9582	0.000	851137	22.001	231145	21.001	217880	0.000	53762	0.000	12	0.000	2642070513	24868.743	3366923405	31281.934	65536	8230	0	166112894	0.000	61816	0.000	0.000	0	253	0.000	163	0.000	0	0.000	2155	1.000	0	0.000	0.000	13	0.000	17	0	0.000
225	2026-09-24T22:55:38.578838703Z	225001	26	10000	5	2	12	17	0.000	9582	0.000	851159	21.999	231166	20.999	217880	0.000	53762	0.000	12	0.000	2642095381	24866.908	3366954686	31279.627	65536	8230	0	166112894	0.000	61816	0.000	0.000	0	253	0.000	163	0.000	0	0.000	2156	1.000	0	0.000	0.000	13	0.000	17	0	0.000
226	2026-09-24T22:55:39.578755008Z	226001	26	10000	5	2	12	17	0.000	9582	0.000	851181	22.002	231187	21.002	217880	0.000	53762	0.000	12	0.000	2642120249	24870.082	3366985967	31283.619	65536	8230	0	166112894	0.000	61816	0.000	0.000	0	253	0.000	163	0.000	0	0.000	2157	1.000	0	0.000	0.000	13	0.000	17	0	0.000
227	2026-09-24T22:55:40.578738575Z	227001	26	10000	5	2	12	17	0.000	9582	0.000	851203	22.000	231208	21.000	217880	0.000	53762	0.000	12	0.000	2642145117	24868.408	3367017248	31281.514	65536	8230	8	166113286	392.006	61816	0.000	100.000	0	253	0.000	163	0.000	0	0.000	2158	1.000	0	0.000	0.000	13	0.000	17	0	0.000
228	2026-09-24T22:55:41.578904726Z	228001	26	10000	5	2	12	17	0.000	9582	0.000	851225	21.996	231229	20.997	217880	0.000	53762	0.000	12	0.000	2642169985	24863.869	3367048529	31275.804	65536	8230	0	166113286	0.000	61816	0.000	0.000	0	253	0.000	163	0.000	0	0.000	2159	1.000	0	0.000	0.000	13	0.000	17	0	0.000
229	2026-09-24T22:55:42.578792637Z	229001	26	10000	5	2	12	17	0.000	9582	0.000	851247	22.002	231250	21.002	217880	0.000	53762	0.000	12	0.000	2642194853	24870.788	3367079810	31284.507	65536	8230	0	166113286	0.000	61816	0.000	0.000	0	253	0.000	163	0.000	0	0.000	2160	1.000	0	0.000	0.000	13	0.000	17	0	0.000
230	2026-09-24T22:55:43.578809984Z	230001	26	10000	5	2	12	17	0.000	9582	0.000	851269	22.000	231271	21.000	217880	0.000	53762	0.000	12	0.000	2642219721	24867.568	3367111091	31280.457	65536	8230	0	166113286	0.000	61816	0.000	0.000	0	253	0.000	163	0.000	0	0.000	2161	1.000	0	0.000	0.000	13	0.000	17	0	0.000
231	2026-09-24T22:55:44.578842666Z	231001	26	10000	5	2	12	17	0.000	9582	0.000	851293	23.999	231293	21.999	217880	0.000	53762	0.000	12	0.000	2642245237	25515.166	3367143393	32300.944	65536	8230	0	166113286	0.000	61816	0.000	0.000	0	253	0.000	163	0.000	0	0.000	2163	2.000	0	0.000	0.000	13	0.000	17	0	0.000
232	2026-09-24T22:55:45.57880998Z	232001	26	10000	5	2	12	17	0.000	9582	0.000	851315	22.001	231314	21.001	217880	0.000	53762	0.000	12	0.000	2642270105	24868.813	3367174674	31282.023	65536	8230	0	166113286	0.000	61816	0.000	0.000	0	253	0.000	163	0.000	0	0.000	2164	1.000	0	0.000	0.000	13	0.000	17	0	0.000
233	2026-09-24T22:55:46.578801326Z	233001	26	10000	5	2	12	17	0.000	9582	0.000	851337	22.000	231335	21.000	217880	0.000	53762	0.000	12	0.000	2642294973	24868.215	3367205955	31281.271	65536	8230	0	166113286	0.000	61816	0.000	0.000	0	253	0.000	163	0.000	0	0.000	2165	1.000	0	0.000	0.000	13	0.000	17	0	0.000
234	2026-09-24T22:55:47.578859468Z	234001	26	10000	5	2	12	17	0.000	9582	0.000	851359	21.999	231356	20.999	217880	0.000	53762	0.000	12	0.000	2642319841	24866.554	3367237236	31279.181	65536	8230	0	166113286	0.000	61816	0.000	0.000	0	253	0.000	163	0.000	0	0.000	2166	1.000	0	0.000	0.000	13	0.000	17	0	0.000
235	2026-09-24T22:55:48.578807793Z	235001	26	10000	5	2	12	17	0.000	9582	0.000	851381	22.001	231377	21.001	217880	0.000	53762	0.000	12	0.000	2642344709	24869.285	3367268517	31282.617	65536	8230	0	166113286	0.000	61816	0.000	0.000	0	253	0.000	163	0.000	0	0.000	2167	1.000	0	0.000	0.000	13	0.000	17	0	0.000
236	2026-09-24T22:55:49.578801118Z	236001	26	10000	5	2	12	17	0.000	9582	0.000	851403	22.000	231398	21.000	217880	0.000	53762	0.000	12	0.000	2642369577	24868.166	3367299798	31281.208	65536	8230	0	166113286	0.000	61816	0.000	0.000	0	253	0.000	163	0.000	0	0.000	2168	1.000	0	0.000	0.000	13	0.000	17	0	0.000
237	2026-09-24T22:55:50.578826764Z	237001	26	10000	5	2	12	17	0.000	9582	0.000	851425	21.999	231419	20.999	217880	0.000	53762	0.000	12	0.000	2642394445	24867.362	3367331079	31280.198	65536	8230	0	166113286	0.000	61816	0.000	0.000	0	253	0.000	163	0.000	0	0.000	2169	1.000	0	0.000	0.000	13	0.000	17	0	0.000
238	2026-09-24T22:55:51.578782352Z	238001	26	10000	5	2	12	17	0.000	9582	0.000	851447	22.001	231440	21.001	217880	0.000	53762	0.000	12	0.000	2642419313	24869.105	3367362360	31282.390	65536	8230	0	166113286	0.000	61816	0.000	0.000	0	253	0.000	163	0.000	0	0.000	2170	1.000	0	0.000	0.000	13	0.000	17	0	0.000
239	2026-09-24T22:55:52.578758564Z	239001	26	10000	5	2	12	17	0.000	9582	0.000	851469	22.001	231461	21.000	217880	0.000	53762	0.000	12	0.000	2642444181	24868.591	3367393641	31281.744	65536	8230	0	166113286	0.000	61816	0.000	0.000	0	253	0.000	163	0.000	0	0.000	2171	1.000	0	0.000	0.000	13	0.000	17	0	0.000
240	2026-09-24T22:55:53.578861389Z	240001	26	10000	5	2	12	17	0.000	9582	0.000	851491	21.998	231482	20.998	217880	0.000	53762	0.000	12	0.000	2642469049	24865.443	3367424922	31277.784	65536	8230	0	166113286	0.000	61816	0.000	0.000	0	253	0.000	163	0.000	0	0.000	2172	1.000	0	0.000	0.000	13	0.000	17	0	0.000
241	2026-09-24T22:55:54.578833657Z	241001	26	10000	5	2	12	17	0.000	9582	0.000	851515	24.001	231504	22.001	217880	0.000	53762	0.000	12	0.000	2642494565	25516.708	3367457224	32302.896	65536	8230	0	166113286	0.000	61816	0.000	0.000	0	253	0.000	163	0.000	0	0.000	2174	2.000	0	0.000	0.000	13	0.000	17	0	0.000
